Dia;Temperatura;NESTLE Picole Coco 36x58g BR;CLASSIC Svt Chocolate Picole 36x59g BR;SEM PARAR Svt Copo Chocolate 12x104g BR;LA FRUTTA Svt Limao Pote 6x700ml BR;BATON Svt Picole Chocolate 50x34g BR;MOLICO Sorvete Creme Pote 6x700ml BR;SERENATA DE AMOR Mousse Cone 16x100g BR;GALAK Sorvete Pote 2L N1 BR;PRESTIGIO Sorvete Pote 2L N1 BR;NESTLE Sorvete Flocos Pote 2L N1 BR;NESTLE Sorvete Creme Pote 2L N1 BR;NESTLE Sorvete Napolitano Pote 2L N2 BR;CHAMBINHO Sorvete Morango 24x45g BR;TALENTO Svt Avelas Picole 25x55g BR;PRESTIGIO Svt Chocolover 25x60g BR;NEGRESCO Sorvete Pote 2L N1 BR;MOCA Svt Doce de Leite Picole 36x59g BR;PEGA POP Sorvete 36x48g BR;GAROTO Trio Napolitano Sorvete Pote 2LBR;CLASSIC Duo Sorvete Pote 2L BR;GAROTO CARIBE Picole 36x67g BR;GAROTO SHOW DE BOLA Picole 24x49g BR;SERENATA DE AMOR Svt Cone 16x78g BR;BATON Svt Picole Chocolate 50x32g BR;MOCA Brigadeiro Svt Picole 36x52g BR;ABRACADABRA SvtPic Tutti Frutti 30x46gBR;LOLLO Sorvete Cone 16x77g BR;GALAK Sorvete Picole 25x53g BR;LA FRUTTA Svt Morango Picole 36x58g BR;SENSACAO Sorvete Cone 16x74g BR;NESTLE Svt Napolitano Exclusivo 2L BR;CHARGE Sorvete Picole 25x60g BR;MEGA Trufa Branco Picole 20x71g BR;MEGA Classico Sorvete 20x73g BR;LA FRUTTA Abacaxi Picole 36x58g BR;LA FRUTTA Uva Picole 36x58g BR;LA FRUTTA Limao Picole 36x58g BR;MEGA Sorvete Alpino 20x73g BR;SENSACAO Sorvete Pote 2L N1 BR;PEGA POP Surpresa Sorvete 36x44g BR;CLASSIC Branco Sorvete Picole 20x53g BR;PRESTIGIO Sorvete Picole 20x54g BR;PEGA POP Sorvete Picole 36x45g BR;LA FRUTTA Manga 36x58g BR;GALAK Sorvete Pote 1,5L BR;NEGRESCO Sorvete Pote 1,5L BR;NESTLE Svt Naptn Especialidades 1,5L BR;NESTLE Svt Flocos Classic Pote 1,5L BR;SENSACAO Sorvete Pote 1,5L BR;PRESTIGIO Sorvete Pote 1,5L BR;MOCA Sorvete Brigadeiro Pote 1,5L BR;NESTLE Svt Creme Gourmet Pote 1,5L BR;LA FRUTTA Svt Manga c/ Maracuja 1,5L BR;LA FRUTTA Svt Morango c/Framboesa 1,5LBR;LA FRUTTA Svt Abacaxi c/ Coco 1,5L BR;LA FRUTTA Coco Picole 36x56g BR;NESTLE Gelato Svt Vaniglia 6x455ml BR;NESTLE Gelato Svt Crml Salato 6x455ml BR;NESTLE Gelato SvtCioccolatoNero6x455mlBR;NESTLE Gelato Svt Limoncello 6x455ml BR;MOLICO Svt Chocolate e Morango 6x455mlBR;MOLICO Sorvete Creme 6x455ml BR;NESTLE Gelato Svt Vaniglia 1,5Lts BR;ALPINO Sorvete 6x455ml BR;NEGRESCO Sorvete 6x455ml BR;NESTLE Gelato Svt Choc Nero 1,5Lts BR;CRUNCH Sorvete 6x455ml BR;NESTLE Gelato Svt Limoncello 1,5L BR;NESTLE Gelato Svt Crml Salato 1,5L BR;NESTLE Gelato Svt Limoncello 12x180ml BR;NESTLE Gelato Svt CrmlSalato 12x180ml BR;NESTLE Gelato Svt ChocNero 12x180ml BR;NESTLE Gelato Svt Vaniglia 12x180ml BR;SEM PARAR Svt Morango e Choc 12x180ml BR;MOLICO Sorvete Creme 12x180ml BR;ALPINO Sorvete 12x180ml BR;CRUNCH Sorvete 12x180ml BR;NESTLE GELATO Svt Pistacchio 6x455ml BR;NESTLE GELATO Svt PannaCotta 6x455ml BR;NESTLE Svt Creme Bulk 5L BR;NESTLE Svt Chocolate Bulk 5L BR;LA FRUTTA Svt Morango Bulk 5L BR;NESTLE Gelato Svt PannaCotta 12x180ml BR;NESTLE GELATO Svt Panna Cotta 1,5L BR;NESTLE Gelato Svt Pistacchio 12x180ml BR;Total
01/08/2014;18,16;14;15;6;2;4;4;11;32;20;16;44;41;19;2;10;21;3;5;1;14;;1;9;5;9;;9;16;9;13;17;4;10;9;;11;11;13;17;7;;;;;;;;;;;;;;;;;;;;;;;;;;;;;;;;;;;;;;;;;;;;;;454
02/08/2014;19,1;13;29;8;;10;;2;23;20;16;14;23;9;4;8;17;1;;5;15;;2;6;3;10;;6;15;3;19;24;4;18;14;20;20;9;18;11;3;;;;;;;;;;;;;;;;;;;;;;;;;;;;;;;;;;;;;;;;;;;;;;422
05/08/2014;10,82;8;19;21;;;;22;135;47;83;145;193;8;6;16;68;8;2;9;36;1;6;8;3;12;3;18;5;12;20;99;11;18;15;22;16;11;14;26;13;;;;;;;;;;;;;;;;;;;;;;;;;;;;;;;;;;;;;;;;;;;;;;1159
06/08/2014;16,18;18;23;14;;4;;15;86;70;63;50;139;26;5;19;92;5;5;2;34;;5;12;9;15;1;19;19;12;23;74;14;27;23;21;13;12;23;52;13;;;;;;;;;;;;;;;;;;;;;;;;;;;;;;;;;;;;;;;;;;;;;;1057
07/08/2014;15,54;13;19;22;;;;16;128;93;141;83;156;22;5;10;85;4;;2;12;3;14;6;10;12;4;9;12;6;21;112;12;20;16;37;15;9;20;22;17;;;;;;;;;;;;;;;;;;;;;;;;;;;;;;;;;;;;;;;;;;;;;;1188
08/08/2014;10,9;16;27;18;;1;;12;70;33;66;65;105;16;3;14;43;2;3;1;30;1;8;;11;18;5;14;13;13;15;63;10;22;19;36;17;17;24;20;12;;;;;;;;;;;;;;;;;;;;;;;;;;;;;;;;;;;;;;;;;;;;;;863
09/08/2014;13,56;12;23;28;2;;4;11;72;49;68;36;115;19;4;7;52;5;4;4;21;;4;5;7;17;5;28;21;13;30;42;16;16;16;30;16;16;16;13;6;;;;;;;;;;;;;;;;;;;;;;;;;;;;;;;;;;;;;;;;;;;;;;853
12/08/2014;13,34;11;21;12;;;;16;69;51;53;49;108;10;2;10;48;4;2;2;45;;6;;7;22;;17;13;5;17;39;13;20;21;25;9;9;17;8;7;;;;;;;;;;;;;;;;;;;;;;;;;;;;;;;;;;;;;;;;;;;;;;768
13/08/2014;9,86;8;14;13;;;2;8;87;48;67;96;116;11;3;9;58;3;1;7;30;1;2;;6;19;1;15;14;4;20;78;12;14;20;28;5;7;14;29;11;;;;;;;;;;;;;;;;;;;;;;;;;;;;;;;;;;;;;;;;;;;;;;881
14/08/2014;9,12;13;14;9;;;2;17;75;54;56;40;91;12;6;6;54;4;1;7;33;;3;;2;13;2;11;11;10;11;66;18;12;20;26;4;7;19;33;10;;;;;;;;;;;;;;;;;;;;;;;;;;;;;;;;;;;;;;;;;;;;;;772
15/08/2014;12,7;23;55;21;;;4;24;53;33;45;21;70;31;21;5;28;4;30;4;30;;8;;7;19;3;15;15;8;17;53;15;20;20;53;24;17;25;19;14;;;;;;;;;;;;;;;;;;;;;;;;;;;;;;;;;;;;;;;;;;;;;;854
16/08/2014;17,04;5;23;10;;;;7;52;24;22;51;58;19;2;6;33;;2;3;24;;3;;2;10;;11;10;4;13;59;13;22;13;17;14;9;11;37;10;;;;;;;;;;;;;;;;;;;;;;;;;;;;;;;;;;;;;;;;;;;;;;599
19/08/2014;17,6;16;23;25;2;7;4;20;108;49;52;66;110;24;6;9;71;5;5;5;47;2;11;;9;23;2;19;20;15;29;61;11;15;18;39;28;22;25;36;21;;;;;;;;;;;;;;;;;;;;;;;;;;;;;;;;;;;;;;;;;;;;;;1060
20/08/2014;15,84;90;29;20;1;;5;22;96;56;22;104;126;16;3;8;70;8;1;1;24;;5;;8;21;2;15;16;16;19;74;20;25;21;25;17;18;20;52;11;;;;;;;;;;;;;;;;;;;;;;;;;;;;;;;;;;;;;;;;;;;;;;1087
21/08/2014;19;143;45;38;;10;;33;40;46;37;47;50;38;2;13;40;11;12;3;20;1;11;;9;22;8;28;14;33;36;54;15;21;22;56;55;43;18;54;21;;;;;;;;;;;;;;;;;;;;;;;;;;;;;;;;;;;;;;;;;;;;;;1149
23/08/2014;21,38;183;82;29;;;2;22;39;25;36;36;61;39;6;24;22;11;9;1;27;1;9;;23;44;7;39;28;43;54;48;26;42;46;64;58;63;31;23;16;;;;;;;;;;;;;;;;;;;;;;;;;;;;;;;;;;;;;;;;;;;;;;1319
26/08/2014;12,4;93;39;37;;;2;42;202;84;97;155;396;44;5;20;129;5;21;13;70;1;28;;19;34;24;37;25;52;43;149;31;34;37;93;92;96;33;56;32;;;;;;;;;;;;;;;;;;;;;;;;;;;;;;;;;;;;;;;;;;;;;;2370
27/08/2014;10,6;42;27;24;;;;30;129;85;108;115;169;35;5;18;96;8;9;15;67;1;8;;20;25;4;21;25;30;37;148;24;40;34;10;27;29;31;83;16;;;;;;;;;;;;;;;;;;;;;;;;;;;;;;;;;;;;;;;;;;;;;;1595
28/08/2014;10,72;54;41;15;2;14;2;10;133;81;115;51;204;43;5;24;99;12;10;4;35;4;8;;25;44;8;33;40;39;57;126;30;47;44;;58;45;37;56;13;;;;;;;;;;;;;;;;;;;;;;;;;;;;;;;;;;;;;;;;;;;;;;1668
29/08/2014;14,28;38;62;40;;7;4;26;298;149;220;122;401;102;5;35;193;13;36;12;59;3;20;;12;92;11;33;33;97;45;260;32;46;38;1;130;222;34;141;54;;;;;;;;;;;;;;;;;;;;;;;;;;;;;;;;;;;;;;;;;;;;;;3126
30/08/2014;16,66;33;35;6;;18;;7;54;43;55;13;70;33;19;22;44;2;20;8;34;;2;;8;32;1;25;26;29;29;69;25;30;29;1;5;28;27;23;9;;;;;;;;;;;;;;;;;;;;;;;;;;;;;;;;;;;;;;;;;;;;;;914
02/09/2014;15,8;23;39;3;;16;;5;78;45;49;104;166;4;3;19;56;5;1;2;55;4;4;;2;6;2;21;22;6;20;62;4;20;24;;;11;21;23;;;;;;;;;;;;;;;;;;;;;;;;;;;;;;;;;;;;;;;;;;;;;;;925
03/09/2014;17,6;17;13;17;;;;15;68;56;73;41;103;23;3;11;57;7;2;5;51;1;5;;11;21;4;18;13;12;19;53;14;20;22;;;11;24;38;;;;;;;;;;;;;;;;;;;;;;;;;;;;;;;;;;;;;;;;;;;;;;;848
04/09/2014;17,6;30;20;14;1;1;1;13;53;40;42;21;50;19;3;15;38;1;3;;22;1;5;;10;18;1;14;13;18;19;42;21;21;23;;;16;22;21;;;;;;;;;;;;;;;;;;;;;;;;;;;;;;;;;;;;;;;;;;;;;;;652
05/09/2014;18,32;60;62;28;;32;6;18;88;64;76;53;147;56;3;54;71;14;15;8;37;1;8;5;21;52;3;35;62;20;43;90;66;66;77;;38;34;68;40;12;;;;;;;;;;;;;;;;;;;;;;;;;;;;;;;;;;;;;;;;;;;;;;1633
06/09/2014;17,92;19;26;8;;;6;12;50;49;69;40;126;22;1;8;41;9;4;5;24;;4;;8;25;;11;14;;19;50;17;23;16;;22;3;16;31;10;;;;;;;;;;;;;;;;;;;;;;;;;;;;;;;;;;;;;;;;;;;;;;788
09/09/2014;25;27;34;26;6;;15;21;202;114;173;143;351;36;6;21;120;14;11;23;46;;6;;10;29;2;25;36;;29;176;45;30;31;;24;;34;93;15;;;;;;;;;;;;;;;;;;;;;;;;;;;;;;;;;;;;;;;;;;;;;;1974
10/09/2014;17,08;29;43;35;5;;9;14;92;56;80;84;205;40;6;24;56;8;12;4;9;2;13;;9;36;1;26;28;;43;116;53;38;34;;29;8;40;64;14;;;;;;;;;;;;;;;;;;;;;;;;;;;;;;;;;;;;;;;;;;;;;;1365
11/09/2014;13,96;50;39;30;;;;20;260;108;255;56;313;44;4;34;123;10;8;10;3;;7;;32;41;;25;35;;39;97;48;47;44;;26;11;41;54;16;;;;;;;;;;;;;;;;;;;;;;;;;;;;;;;;;;;;;;;;;;;;;;1930
12/09/2014;16,5;28;49;38;;;24;10;128;97;143;74;193;26;6;19;87;9;6;8;;1;13;;29;37;1;23;29;3;29;107;41;24;33;;13;9;25;24;19;;;;;;;;;;;;;;;;;;;;;;;;;;;;;;;;;;;;;;;;;;;;;;1405
13/09/2014;21,54;15;30;15;;;;7;142;103;177;30;455;27;4;21;102;9;8;;;;11;13;23;26;;18;26;;19;49;20;31;27;;;18;25;43;12;;;;;;;;;;;;;;;;;;;;;;;;;;;;;;;;;;;;;;;;;;;;;;1506
16/09/2014;15,92;28;39;19;2;;2;16;245;176;209;66;414;26;3;22;157;10;6;18;;;6;20;27;28;;19;22;;40;165;27;27;31;;26;23;27;68;8;;;;;;;;;;;;;;;;;;;;;;;;;;;;;;;;;;;;;;;;;;;;;;2022
17/09/2014;16,64;23;61;48;;;54;2;205;114;141;126;295;50;8;30;132;16;18;10;;;11;38;34;52;;35;43;;47;151;32;61;59;;31;54;57;85;20;;;;;;;;;;;;;;;;;;;;;;;;;;;;;;;;;;;;;;;;;;;;;;2143
18/09/2014;18,98;5;52;14;1;;5;;64;44;78;42;187;20;5;14;48;8;6;10;;;6;16;12;21;;21;21;;17;54;;33;35;;30;48;31;30;10;;;;;;;;;;;;;;;;;;;;;;;;;;;;;;;;;;;;;;;;;;;;;;988
19/09/2014;21,18;1;113;42;;1;4;1;122;86;102;128;236;59;3;48;82;13;18;13;;;12;45;95;103;;47;75;;56;153;;63;62;;70;77;59;59;17;;;;;;;;;;;;;;;;;;;;;;;;;;;;;;;;;;;;;;;;;;;;;;2065
20/09/2014;20,42;;25;17;;;1;;105;95;121;71;211;20;7;17;91;5;9;3;;;6;25;18;20;;21;21;4;15;102;39;26;25;;23;23;24;60;9;;;;;;;;;;;;;;;;;;;;;;;;;;;;;;;;;;;;;;;;;;;;;;1259
23/09/2014;21,42;;26;27;;;;;283;124;121;88;277;13;4;21;154;10;3;15;;;2;15;19;24;;25;19;13;23;211;28;31;30;;12;21;31;142;13;;;;23;;;;;;;;;;;;8;;;;;;;;;;;;;;;;;;;;;;;;;;;;;;1856
24/09/2014;19,12;;38;18;21;;;;132;83;123;99;266;29;9;25;95;9;11;6;;;7;25;36;31;;20;25;27;34;110;32;33;28;;32;31;26;60;16;;;;48;;;;;;;;;;;;15;;;;;;;;;;;;;;;;;;;;;;;;;;;;;;1600
25/09/2014;20,5;;44;27;1;;1;;184;48;68;50;263;43;7;26;43;13;7;5;;;24;32;31;48;;25;40;30;43;95;46;44;39;;45;57;45;67;5;;;;62;;;;;;;;;;;;29;;;;;;;;;;;;;;;;;;;;;;;;;;;;;;1637
26/09/2014;18,78;;68;36;3;;1;;125;94;136;110;327;76;2;27;92;12;5;1;;;12;31;75;38;;28;29;61;42;158;37;41;43;;97;67;37;78;19;;;;66;;;;;;;;;;;;68;;;;;;;;;;;;;;;;;;;;;;;;;;;;;;2142
27/09/2014;17,12;;21;18;;;;;105;68;112;77;187;19;1;5;119;4;3;16;;;6;14;9;19;;11;14;23;16;59;18;16;20;;24;26;18;56;7;;;;34;;;;;;;;;;;;17;;;;;;;;;;;;;;;;;;;;;;;;;;;;;;1162
30/09/2014;19,14;;19;14;;;2;;57;26;49;44;99;8;;11;38;4;1;1;;;2;;7;13;;13;14;18;18;47;12;22;25;;25;20;15;42;5;;;;34;;;;;;;;;;;;12;;;;;;;;;;;;;;;;;;;;;;;;;;;;;;717
01/10/2014;18,04;;41;14;2;;;;245;115;270;160;402;38;5;18;120;6;5;9;;;10;;31;39;;18;22;35;32;123;26;46;47;;50;42;40;89;11;;;;;;;;;;;;;;;;28;;;;;;;;;;;;;;;;;;;;;;;;;;;;;;2139
02/10/2014;16,94;1;45;35;;;2;;107;86;117;79;172;40;1;31;90;15;8;17;;;4;35;37;44;;34;30;48;54;167;46;35;44;;49;34;38;99;13;;;;33;;;;;;;;;;;;32;;;;;;;;;;;;;;;;;;;;;;;;;;;;;;1722
03/10/2014;17,28;;28;19;1;;;;170;110;147;140;266;31;;23;146;14;11;10;;;8;24;29;37;;27;16;39;30;96;14;39;38;;33;43;25;79;15;;;;;;;;;;;;;;;;28;;;;;;;;;;;;;;;;;;;;;;;;;;;;;;1736
04/10/2014;18,5;;29;18;;;;;80;65;86;81;176;26;;12;70;9;4;6;;;8;19;18;31;;19;;24;25;63;1;26;31;;28;21;24;55;10;;21;;;;;;;;;;;;;;13;;;;;;;;;;;;;;;;;;;;;;;;;;;;;;1099
07/10/2014;21,84;;45;34;3;;;;144;79;64;112;216;40;;5;87;14;6;7;;;4;29;18;35;;27;;26;32;157;6;29;41;;33;33;45;98;9;;23;;16;;;;;;;;;;;;23;;;;;;;;;;;;;;;;;;;;;;;;;;;;;;1540
08/10/2014;23,42;;65;26;8;;;;307;210;307;305;495;31;4;2;232;7;11;21;;;3;19;41;32;;35;;33;41;221;17;45;43;;44;45;45;214;25;2;19;;38;;;;;;;;;;;;44;;;;;;;;;;;;;;;;;;;;;;;;;;;;;;3037
09/10/2014;24,14;;116;54;5;;;;196;152;169;113;308;55;3;2;135;21;17;13;;1;9;56;56;102;;60;;90;84;354;46;98;82;;102;94;64;148;22;17;4;;70;;;;;;;;;;;;73;;;;;;;;;;;;;;;;;;;;;;;;;;;;;;2991
10/10/2014;21,4;;55;32;1;;;;159;139;120;87;275;48;3;;130;13;4;13;;;4;34;44;48;;18;;37;46;260;26;45;52;;46;32;36;118;25;16;12;;41;;;;;;;;;;;;37;;;;;;;;;;;;;;;;;;;;;;;;;;;;;;2056
11/10/2014;18,02;;69;66;;;;;165;141;186;154;301;50;1;;128;10;31;9;;;8;26;53;82;;44;;58;54;169;20;53;55;;54;62;51;112;35;21;23;;26;;;;;;;;;;;;53;;;;;;;;;;;;;;;;;;;;;;;;;;;;;;2370
14/10/2014;20,02;;82;63;3;;;;168;28;72;167;263;56;2;3;108;14;30;4;;;3;43;39;65;;51;;42;61;198;35;66;46;;64;63;52;73;29;26;1;;56;;;;;;;;;;;;50;;;;;;;;;;;;;;;;;;;;;;;;;;;;;;2126
15/10/2014;21,88;;32;27;;;;;131;74;131;115;221;27;2;;86;14;2;10;;;5;23;15;28;;26;;4;43;101;25;46;36;;31;30;30;106;5;30;9;;43;;;;;;;;;;;;30;;;;;;;;;;;;;;;;;;;;;;;;;;;;;;1538
16/10/2014;20,22;;80;39;1;;;;254;72;238;203;383;41;;;148;20;8;13;;;4;30;26;54;;35;;;50;131;55;50;35;;62;55;47;141;14;51;29;;54;;;;;;;;;;;;62;;;;;;;;;;;;;;;;;;;;;;;;;;;;;;2485
17/10/2014;20,48;;46;22;;;;;160;15;137;160;46;42;1;;84;17;3;50;;;5;25;20;32;;24;;1;36;14;25;37;39;;33;44;42;96;11;50;15;;59;;;;;;;;;;;;31;;;;;;;;;;;;;;;;;;;;;;;;;;;;;;1422
18/10/2014;20,68;;33;28;4;;;;137;84;112;121;265;20;;;87;14;8;10;;;2;18;16;38;;17;1;20;23;7;26;37;31;;26;28;35;68;7;34;14;;30;;;;;;;;;;;;20;;;;;;;;;;;;;;;;;;;;;;;;;;;;;;1421
21/10/2014;18,54;;46;38;;;;;506;162;85;109;530;33;5;;200;13;11;27;;;3;27;24;38;;26;;44;37;;14;62;52;;45;34;51;175;13;70;50;;32;;;;;;;;;;;;38;;;;;;;;;;;;;;;;;;;;;;;;;;;;;;2600
22/10/2014;20,28;;45;29;3;;;;8;214;235;165;117;27;4;;150;11;12;55;;;;13;23;32;;18;;31;29;;;37;30;;43;42;34;94;13;39;34;;23;;;;;;;;;;;;36;;;;;;;;;;;;;;;;;;;;;;;;;;;;;;1646
23/10/2014;21,82;;57;37;1;;;;34;69;86;76;41;49;26;;76;35;8;31;;1;20;31;38;49;;32;;61;53;6;;69;62;;51;63;54;19;20;58;63;;40;;;;;;;;;;;;41;;;;;;;;;;;;;;;;;;;;;;;;;;;;;;1457
24/10/2014;21,6;;74;60;;;;;3;163;283;159;220;82;20;;184;19;22;87;11;;34;47;70;70;;54;;46;69;;16;69;57;;91;72;54;33;31;71;37;;35;;;;;;;;;;;;39;;;;;;;;;;;;;;;;;;;;;;;;;;;;;;2382
25/10/2014;22,18;;49;28;;;;;3;49;84;114;16;33;13;;110;13;9;32;;;27;24;22;39;;21;;23;33;;18;51;46;;36;41;44;17;14;44;27;;25;;;;;;;;;;;;30;;;;;;;;;;;;;;;;;;;;;;;;;;;;;;1135
27/10/2014;24,1;;;;;;;;;;;;;;;;;;;;;;;;;;;;;;;;;;;;;;;;;;;;;;;;;;;1;;1;1;1;;;;;;;;;;;;;;;;;;;;;;;;;;;;;;;4
28/10/2014;26,2;;118;52;;;;;;10;61;140;13;81;8;;168;24;17;;;;66;44;69;79;;55;;82;77;;30;85;79;;122;96;66;5;30;75;35;;57;18;8;26;12;18;5;36;15;9;12;12;83;;;;;;;;;;;;;;;;;;;;;;;;;;;;;;2098
29/10/2014;28,9;;105;69;;;;;2;4;143;99;5;62;13;;101;27;14;;;;69;42;46;76;;54;;74;77;5;25;87;86;;106;109;84;;33;70;53;;56;32;24;71;44;24;27;61;16;15;14;21;79;;;;;;;;;;;;;;;;;;;;;;;;;;;;;;2224
30/10/2014;22,88;;113;86;;;;;;15;1185;1416;484;86;16;;119;34;20;375;;;27;53;62;87;;74;;117;98;;59;104;95;;106;125;87;3;30;62;62;;51;176;40;324;181;48;144;102;206;21;26;33;74;;;;;;;;;;;;;;;;;;;;;;;;;;;;;;6626
31/10/2014;23,18;;102;36;;;;;;3;14;14;;49;5;;7;16;36;;;;17;28;46;46;;31;;71;50;;43;52;55;;118;100;40;;27;51;30;;63;42;32;84;;37;34;68;;21;28;31;71;;;;;;;;;;;;;;;;;;;;;;;;;;;;;;1598
01/11/2014;22,16;;35;27;;;;;;;;;;25;3;;2;11;3;;;;1;24;10;33;;2;;33;36;;27;46;41;;43;62;34;;4;21;20;;24;77;22;120;1;20;67;60;;13;17;20;35;;;;;;;;;;;;;;;;;;;;;;;;;;;;;;1019
04/11/2014;20,6;;43;39;;;;;;;5;;;27;4;;;9;;;;;22;20;13;34;;19;;39;30;;2;44;38;;53;64;35;;8;32;28;;24;31;23;120;72;25;22;47;50;27;27;38;35;;;;;;;;;;;;;;;;;;;;;;;;;;;;;;1149
05/11/2014;19,38;;53;33;;;;;4;;35;38;7;39;4;;4;14;7;;;;15;28;27;45;;35;;44;43;;14;61;58;;45;57;52;;9;47;25;;26;113;102;235;83;71;74;143;65;30;39;50;39;;;;;;;;;;;;;;;;;;;;;;;;;;;;;;1913
06/11/2014;21,44;;100;69;;;;;;;;;;61;5;;;14;12;;;;19;37;40;50;;57;;52;67;;24;70;67;;91;95;67;;19;81;53;;71;67;32;250;130;50;63;91;99;29;31;46;93;;;;;;;;;;;;;;;;;;;;;;;;;;;;;;2202
07/11/2014;22,38;;137;29;;;;;;3;5;5;;41;;;2;11;7;;;;22;24;28;62;;34;;39;42;;10;53;66;;109;133;48;3;16;45;33;;38;67;55;135;87;57;63;96;51;21;30;45;70;;;;;;;;;;;;;;;;;;;;;;;;;;;;;;1822
08/11/2014;22,04;;52;27;;;;;;;;;;33;3;;;10;1;;;;4;18;20;33;;23;;31;30;;9;42;34;;45;46;76;;10;39;23;;36;193;125;349;43;145;141;161;52;17;33;36;36;;;;;;;;;;;;;;;;;;;;;;;;;;;;;;1976
11/11/2014;24,16;;138;95;;;;;;2;2;2;;91;4;;3;38;39;;;;16;66;80;113;;80;;122;99;;31;130;109;;133;153;98;2;39;132;79;;99;45;6;104;58;47;35;78;44;26;44;47;111;;;;;;;;;;;;;;;;;;;;;;;;;;;;;;2640
12/11/2014;20,82;;84;39;;;;;;;;;;54;5;;;17;11;;;;3;29;35;55;;35;;58;;;19;66;59;;76;72;73;;16;61;45;;39;93;;221;130;62;85;72;109;43;113;59;57;;;;;;;;;;;;;;;;;;;;;;;;;;;;;;1995
13/11/2014;19,9;;73;51;;;;;;;;;;63;6;;;17;23;;;;4;39;53;62;;49;;52;32;;24;63;68;;71;79;63;;22;64;45;;51;45;16;136;68;34;35;72;37;31;40;45;65;;;;;;;;;;;;;;;;;;;;;;;;;;;;;;1698
14/11/2014;19,44;;96;31;;;;;;;;;;43;5;;;12;8;;;;2;40;38;55;;47;;37;2;;19;64;51;;89;107;61;;13;41;33;;22;41;10;110;73;37;26;59;56;13;19;24;56;;;;;;;;;;;;;;;;;;;;;;;;;;;;;;1440
15/11/2014;20,72;;46;33;;;;;;;;;;31;1;;;16;4;;;;5;32;27;39;;38;;29;1;;13;44;48;;33;42;40;;12;48;33;;29;25;;68;30;29;19;40;13;17;17;26;37;;;;;;;;;;;;;;;;;;;;;;;;;;;;;;965
18/11/2014;23,38;;93;70;;;;;;;;;;87;5;;;17;16;;;;15;53;75;84;;72;;123;48;;34;88;86;;103;118;86;;28;118;72;;88;145;65;230;115;140;84;53;102;35;36;42;96;;;;;;;;;;;;;;;;;;;;;;;;;;;;;;2722
19/11/2014;25,2;;77;59;;;;;;;1;;;48;11;;;22;8;;;;13;38;27;72;;59;;66;38;;24;88;79;;69;70;72;;11;63;44;;49;69;30;153;96;60;69;32;65;15;43;11;60;;;;;;;;;;;;;;;;;;;;;;;;;;;;;;1811
20/11/2014;25,72;;104;59;;;;;;;;;;59;8;;;19;19;;;;16;50;53;66;;65;;68;39;;41;92;76;;94;108;80;;21;94;66;;55;104;13;244;141;68;72;64;80;25;30;37;62;;;;;;;;;;;;;;;;;;;;;;;;;;;;;;2292
21/11/2014;25,18;;157;43;;;;;;;;;;59;23;;;18;11;;;;17;36;38;77;;49;;127;9;;24;73;66;;198;212;59;;;62;32;;86;314;144;387;342;219;216;125;299;100;110;115;123;;;;;;;;;;;;;;;;;;;;;;;;;;;;;;3970
22/11/2014;22,96;;68;47;;;;;;;;;;43;19;;;23;10;;;;14;37;34;56;;44;;73;5;;27;57;62;;87;95;74;;;47;40;;37;111;8;188;80;97;81;39;51;10;19;18;64;;;;;;;;;;;;;;;;;;;;;;;;;;;;;;1765
25/11/2014;24,04;;108;81;;;;;;;;;;65;32;;;27;26;;;;30;68;55;94;;93;;92;28;;34;116;109;;112;125;108;;;83;78;;64;48;;112;49;38;31;47;26;19;27;26;97;;;;;;;;;;;;;;;;;;;;;;;;;;;;;;2148
26/11/2014;24,22;;115;77;;;;;;;;;;62;64;;;29;20;;;;45;66;44;101;;70;;77;42;;43;109;104;;91;118;105;;;94;72;;55;220;;228;243;190;170;49;104;17;58;32;88;;;;;;;;;;;;;;;;;;;;;;;;;;;;;;3002
27/11/2014;22,96;;86;61;;;;;;;;;;65;27;;;24;34;;;;21;50;40;71;;22;;77;63;;30;76;65;;87;92;62;;;66;56;;45;101;;130;102;116;88;56;23;34;38;45;66;;;;;;;;;;;;;;;;;;;;;;;;;;;;;;2019
28/11/2014;22,12;;100;51;;;;;;;;;;72;35;;;22;32;;;;20;51;61;81;;4;;59;93;;32;76;70;;121;129;61;;;64;48;;46;106;;131;114;117;102;51;24;12;27;21;85;;;;;;;;;;;;;;;;;;;;;;;;;;;;;;2118
29/11/2014;25,58;;90;64;;;;;;;;;;50;33;;;22;25;;;;15;29;55;73;;14;;77;91;;33;72;81;;84;86;74;;;69;64;;47;40;19;83;52;36;36;21;18;7;30;14;64;;;;;;;;;;;;;;;;;;;;;;;;;;;;;;1668
02/12/2014;26,78;;70;56;;;;;;;;;;41;36;;;25;17;;;;4;31;39;62;;38;;59;81;;32;66;61;;58;69;57;;;57;44;;32;35;37;95;40;31;34;31;33;9;13;14;48;;;;;;;;;;;;;;;;;;;;;;;;;;;;;;1455
03/12/2014;23,22;;76;36;;;;;;;;;;44;26;;;16;17;;;;6;31;86;68;;48;;53;84;;21;76;69;;88;87;76;;;58;37;;33;203;165;372;214;146;128;61;158;16;60;25;59;;;;;;;;;;;;;;;;;;;;;;;;;;;;;;2743
04/12/2014;22,1;;117;61;;;;;;;;;;65;25;;;28;15;;;;5;54;47;88;;60;;77;92;;47;99;94;;95;107;82;;;92;67;;41;73;72;197;95;54;51;77;65;26;39;49;77;;;;;;;;;;;;;;;;;;;;;;;;;;;;;;2333
05/12/2014;22,42;;122;67;;;;;;;;;;75;24;;;21;50;;;;19;22;77;81;;;;89;15;;30;95;80;;141;154;96;;;68;70;;62;108;102;221;94;74;71;46;87;13;30;26;83;;;;;;;;;;;;;;;;;;;;;;;;;;;;;;2413
06/12/2014;23,84;;43;22;;;;;;;;;;31;13;;;12;1;;;;3;29;20;41;;35;;38;;;16;47;45;;49;54;43;;;38;24;;26;24;23;57;30;24;23;23;19;5;13;17;39;;;;;;;;;;;;;;;;;;;;;;;;;;;;;;927
09/12/2014;26,54;;114;93;;;;;;;;;;84;41;;;29;5;;;;11;73;76;103;;73;;101;;;48;114;111;;126;148;92;;19;110;88;;87;77;62;208;97;66;56;67;66;24;18;34;90;;;;;;;;;;;;;;;;;;;;;;;;;;;;;;2611
10/12/2014;26,2;;95;59;;;;;;;;;;48;44;;;30;;;;;11;54;59;73;;66;;79;;;21;94;87;;85;99;76;;25;73;50;;42;192;15;339;193;153;87;58;155;21;66;33;81;;;;;;;;;;;;;;;;;;;;;;;;;;;;;;2663
11/12/2014;23,3;;105;56;;;;;;;;;;69;85;;;27;;;;;5;6;50;85;;81;;103;;;;98;102;;100;120;84;;15;77;75;;57;77;;209;106;67;;77;71;37;50;63;83;;;;;;;;;;;;;;;;;;;;;;;;;;;;;;2240
12/12/2014;23,3;;126;60;;;;;;;;;;91;32;;;36;;;;;23;;82;95;;52;;84;;;;99;106;;130;133;93;;36;86;75;;66;122;;254;133;68;;79;84;19;57;31;104;;;;;;;;;;;;;;;;;;;;;;;;;;;;;;2456
13/12/2014;22,34;;92;74;;;;;;;;;;27;44;;;34;;;;;1;;23;73;;;;49;;;;2;114;;74;80;49;;6;65;56;;41;89;;174;47;61;;27;60;8;21;14;79;;;;;;;;;;;;;;;;;;;;;;;;;;;;;;1484
16/12/2014;23,6;;69;65;;;;;;;;;;50;91;;;31;;;;;1;15;42;68;;1;;50;30;;;62;77;;71;82;63;;3;70;68;;41;81;36;172;72;80;19;71;74;32;41;50;57;;;;;;;;;;;;;;;;;;;;;;;;;;;;;;1835
17/12/2014;24,26;;57;53;;;;;;;;;;56;10;;;18;;;;;2;40;29;61;;17;;46;111;;;97;73;;68;68;77;;3;53;55;;26;148;69;368;150;135;91;109;132;41;72;55;53;;;;;;;;;;;;;;;;;;;;;;;;;;;;;;2443
18/12/2014;25,08;;76;47;;1;;1;;;;;;50;13;;1;21;;;1;;8;48;34;71;;70;;47;79;;;70;71;;61;79;56;;15;69;55;;29;86;67;217;100;70;58;65;67;16;25;32;57;;;;;;;;;;;;;;;;;;;;;;;;;;;;;;1933
19/12/2014;24,58;;22;18;;;;;;;;;;19;7;;;6;;;;;16;28;18;41;;17;;21;33;;;33;30;;20;29;39;;12;31;15;;16;75;45;262;66;46;47;47;56;16;36;18;23;;;;;;;;;;;;;;;;;;;;;;;;;;;;;;1208
20/12/2014;25,6;;75;47;;;;;;;;;;51;4;;;34;;;;;2;73;29;84;;57;;53;116;;;88;98;;62;64;79;;30;56;48;;25;104;39;284;90;64;71;61;77;14;41;18;56;;;;;;;;;;;;;;;;;;;;;;;;;;;;;;2094
23/12/2014;20,48;;114;79;;;;;;;;;;68;12;;;26;;;;;18;84;44;90;;87;;68;120;;;117;115;;87;110;93;;13;82;81;;46;77;68;291;87;71;73;73;61;25;38;29;63;;;;;;;;;;;;;;;;;;;;;;;;;;;;;;2510
24/12/2014;21,98;;103;37;;;;;;;;;;47;2;;;17;;;;;9;45;36;69;;60;;51;81;;;80;72;;61;84;70;;25;56;50;;27;117;67;303;99;82;90;50;87;15;60;25;61;;;;;;;;;;;;;;;;;;;;;;;;;;;;;;2138
27/12/2014;24,76;;46;18;;;;;;;;;;23;6;;;10;;;;;13;18;24;32;;23;;36;34;;;32;34;;35;41;28;;8;33;16;;13;118;20;155;86;19;60;20;103;5;89;9;24;;;;;;;;;;;;;;;;;;;;;;;;;;;;;;1231
30/12/2014;27,18;;48;42;;;;;;;;;;41;2;;;15;;;;;10;41;36;54;;45;;39;53;;;57;45;;43;49;41;;16;39;39;;19;30;38;96;36;30;34;29;24;8;11;18;38;;;;;;;;;;;;;;;;;;;;;;;;;;;;;;1166
31/12/2014;28,42;;56;39;;;;;;;;;;48;;;;17;;;;;13;34;40;90;;43;;47;59;;;65;58;;54;63;62;;25;64;53;;36;86;56;83;46;77;75;31;76;9;21;14;52;;;;;;;;;;;;;;;;;;;;;;;;;;;;;;1592
06/01/2015;29,48;;59;38;;;;;;;;;;44;;;;18;;;;;7;36;28;56;;49;;48;56;;;67;60;;56;67;57;;27;46;40;;34;61;44;118;55;38;47;56;39;20;35;26;48;;;;;;;;;;;;;;;;;;;;;;;;;;;;;;1480
07/01/2015;26,9;;73;45;;;;;;;;;;38;1;;;20;;;;;6;31;31;58;;48;;53;52;;;65;71;;64;71;73;;23;54;53;;27;128;103;177;83;83;91;44;107;8;35;17;61;;;;;;;;;;;;;;;;;;;;;;;;;;;;;;1894
08/01/2015;24,44;;61;56;;;;;;;;;;48;;;;26;;;;;14;42;39;58;;46;;44;52;;;76;72;;63;75;63;;17;55;50;;37;29;31;103;41;21;30;44;35;15;17;21;54;;;;;;;;;;;;;;;;;;;;;;;;;;;;;;1435
09/01/2015;25,64;;89;33;;;;;;;;;;61;;;;17;;;;;10;35;45;78;;50;;55;65;;;74;72;;92;105;81;;31;65;59;;54;43;30;126;39;27;32;50;25;14;18;18;62;;;;;;;;;;;;;;;;;;;;;;;;;;;;;;1655
10/01/2015;27,94;;51;38;;;;;;;;;;33;;;;14;;;;;9;24;16;42;;21;;34;34;;;47;63;;35;43;36;;19;31;31;;17;21;24;61;16;22;15;29;11;9;13;13;31;;;;;;;;;;;;;;;;;;;;;;;;;;;;;;903
13/01/2015;27,7;;94;78;;;;;;;;;;65;2;;;28;;;;;20;56;49;85;;71;;64;92;;;95;90;;88;99;81;;29;73;72;;46;86;72;210;69;78;76;74;64;36;41;53;75;;;;;;;;;;;;;;;;;;;;;;;;;;;;;;2311
14/01/2015;24,8;;87;61;;;;;;;;;;42;;;;11;;;;;15;49;24;64;;54;;53;77;;;97;83;;67;87;87;;26;62;60;;39;78;57;215;38;57;44;35;52;7;28;19;73;;;;;;;;;;;;;;;;;;;;;;;;;;;;;;1848
15/01/2015;23,82;;74;56;;;;;;;;;;53;1;;;15;;;;;19;45;35;64;;46;;57;73;;;72;72;;71;85;63;;25;50;48;;30;28;33;92;33;34;27;41;20;18;16;18;56;;;;;;;;;;;;;;;;;;;;;;;;;;;;;;1470
16/01/2015;26,02;;74;43;;;;;;;;;;58;;;;15;;;;;15;45;59;95;;57;;69;82;;;69;65;;92;82;83;;40;47;49;;42;127;96;605;65;165;134;59;82;24;45;39;59;;;;;;;;;;;;;;;;;;;;;;;;;;;;;;2681
17/01/2015;26,02;;44;37;;;;;;;;;;31;;;;11;;;;;15;37;17;40;;29;;39;37;;;54;43;;46;53;40;;15;43;30;;19;49;15;100;29;12;20;31;27;6;24;8;34;;;;;;;;;;;;;;;;;;;;;;;;;;;;;;1035
20/01/2015;22,94;;60;;;;;;;;;;;;;;;;;;;;;;;;;;;10;;;;15;10;;20;30;25;;;;;;10;;;;;;;;;;;;15;;;;;;;;;;;;;;;;;;;;;;;;;;;;;;195
21/01/2015;22,56;;136;111;;;;;;;;;;73;;;;45;;;;;25;72;50;131;;75;;110;111;;;136;113;;145;135;146;;29;88;87;;50;133;144;387;95;106;146;97;95;30;62;74;103;;;;;;;;;;;;;;;;;;;;;;;;;;;;;;3340
22/01/2015;22,32;;75;48;;;;;;;;;;55;;;;27;;;;;18;49;31;72;;54;;52;55;;;76;84;;75;94;64;;11;62;62;;28;88;65;180;63;54;74;68;76;18;44;40;57;;;;;;;;;;;;;;;;;;;;;;;;;;;;;;1919
23/01/2015;23,8;;75;53;;;;;;;;;;66;1;;;19;;;;;21;43;41;66;;45;;58;53;;;77;60;;81;87;62;;25;69;71;;30;112;34;273;80;27;84;26;95;12;68;17;76;;;;;;;;;;;;;;;;;;;;;;;;;;;;;;2007
24/01/2015;25,54;;19;14;;;;;;;;;;8;;;;5;;;;;3;12;11;19;;13;;17;20;;;23;22;;17;25;27;;5;11;20;;10;25;8;56;23;6;23;8;26;2;20;2;20;;;;;;;;;;;;;;;;;;;;;;;;;;;;;;520
27/01/2015;28,7;;88;75;;;;;;;;;;65;;;;20;;;;;19;36;47;64;;64;;69;83;;;89;87;;84;87;75;;24;60;64;;45;41;39;124;36;29;30;36;30;22;36;33;72;;;;;;;;;;;;;;;;;;;;;;;;;;;;;;1773
28/01/2015;27,24;;98;37;;;;;;;;;;39;;;;18;;;;;42;32;33;49;;53;;72;65;;;64;54;;78;87;57;;28;54;45;;47;98;56;228;110;58;57;69;73;64;57;77;64;;;;;;;;;;;;;;;;;;;;;;;;;;;;;;2063
29/01/2015;23,48;;78;50;;;;;;;;;;50;;;;33;;;;;74;42;43;63;;51;;61;68;;;77;78;;68;94;63;;19;70;57;;37;64;65;179;65;57;63;60;37;30;33;40;57;;;;;;;;;;;;;;;;;;;;;;;;;;;;;;1926
30/01/2015;22,6;;101;47;;;;;;;;;;80;;;;19;;;;;;39;66;93;;44;;89;85;;;67;65;;108;90;100;;18;55;47;;36;131;105;406;33;133;132;20;77;3;45;9;73;;;;;;;;;;;;;;;;;;;;;;;;;;;;;;2416
31/01/2015;22,86;;81;29;;;;;;;;;;60;;;;13;;;;;;46;36;54;;30;;41;48;;;72;52;;62;72;60;;20;49;46;;29;39;29;99;28;26;24;33;21;15;10;14;42;;;;;;;;;;;;;;;;;;;;;;;;;;;;;;1280
03/02/2015;26,42;;6;;;;;;;;;;;3;;;;2;;;;;;2;2;4;;3;;3;3;;;3;5;;6;7;5;;;3;4;;3;3;6;7;4;4;3;5;1;3;3;3;5;;;;;;;;;;;;;;;;;;;;;;;;;;;;;;111
04/02/2015;25,42;;44;16;;;;;;;;;;30;;;;11;;;;;;22;24;27;;30;;18;33;;;44;42;;56;61;52;;11;27;35;;18;35;16;94;28;19;22;17;37;6;28;8;41;;;;;;;;;;;;;;;;;;;;;;;;;;;;;;952
05/02/2015;24,64;;72;53;;;;;;;;;;57;;;;18;;;;;;34;28;61;;39;;54;50;;;61;64;;71;82;58;;16;47;54;;28;49;44;110;38;38;35;46;38;22;25;26;51;;;;;;;;;;;;;;;;;;;;;;;;;;;;;;1469
06/02/2015;24,08;;80;68;;;;;;;;;;51;;;;17;;;;;;39;32;62;;50;;58;50;;;72;61;;85;96;70;;12;46;47;5;42;62;42;138;45;45;37;41;38;10;21;19;61;;;;;;;;;;;;;;;;;;;;;;;;;;;;;;1602
07/02/2015;23,52;;37;34;;;;;;;;;;14;;;;13;;;;;;13;11;22;;15;;18;22;;;27;33;;30;27;26;;1;19;30;;12;25;23;55;14;21;22;19;20;4;3;5;24;;;;;;;;;;;;;;;;;;;;;;;;;;;;;;639
10/02/2015;26,72;;44;51;;;;;;;;;;26;;;;19;;;;;;28;10;40;;28;;34;37;;;57;51;;31;46;43;;4;32;32;11;18;27;23;51;29;29;28;35;23;23;20;21;34;;;;;;;;;;;;;;;;;;;;;;;;;;;;;;985
11/02/2015;24,74;;64;59;;;;;;;;;;35;;;;27;;;;;;47;27;58;;53;;49;55;;;76;70;;46;59;64;;6;56;53;13;29;93;56;178;56;64;67;46;49;26;53;42;54;;;;;;;;;;;;;;;;;;;;;;;;;;;;;;1730
12/02/2015;27,14;;87;85;;;;;;;;;;70;;;;34;;;;;;62;42;96;;68;;56;86;;;119;100;;113;125;91;;13;86;73;35;30;67;63;185;40;82;66;53;43;23;37;35;59;;;;;;;;;;;;;;;;;;;;;;;;;;;;;;2224
13/02/2015;25,82;;55;24;;;;;;;;;;36;;;;7;;;;;;59;31;49;;29;;39;33;;;43;42;;54;56;40;;7;32;27;19;19;72;37;189;69;45;38;36;25;25;45;31;38;;;;;;;;;;;;;;;;;;;;;;;;;;;;;;1351
14/02/2015;23,54;;16;12;;;;;;;;;;8;;;;4;;;;;;20;10;15;;10;;13;15;;;21;22;;12;11;6;;;13;9;4;3;16;11;53;16;9;9;19;12;3;8;5;15;;;;;;;;;;;;;;;;;;;;;;;;;;;;;;400
18/02/2015;25,06;;55;49;;;;;;;;;;41;;;;13;;;;;;39;34;56;;40;;36;52;;;75;72;;46;55;67;;9;55;48;3;19;20;16;73;18;15;13;19;13;13;9;12;38;;;;;;;;;;;;;;;;;;;;;;;;;;;;;;1123
19/02/2015;26,14;;89;60;;;;;;;;;;43;;;;15;;;;;;71;39;77;;42;;41;50;;;67;63;;64;65;47;;11;67;41;28;25;190;42;242;197;45;35;179;32;9;22;26;55;;;;;;;;;;;;;;;;;;;;;;;;;;;;;;2079
20/02/2015;23,88;;87;42;;;;;;;;;;52;;;;15;;;;;;171;43;63;;44;;64;79;;;81;62;;73;85;60;;4;55;48;35;26;61;52;165;71;50;46;48;45;79;103;77;59;;;;;;;;;;;;;;;;;;;;;;;;;;;;;;2045
21/02/2015;24,06;;102;43;;;;;;;;;;26;;;;23;;;;;;113;22;32;;19;;23;22;;;40;34;;49;48;35;;9;27;23;2;10;35;20;94;31;31;25;27;36;20;41;32;28;;;;;;;;;;;;;;;;;;;;;;;;;;;;;;1122
24/02/2015;24,48;;73;75;;;;;;;;;;52;;;;27;;;;;;136;45;66;;46;;44;49;;;82;64;;49;56;64;;7;57;60;32;25;36;23;73;34;29;26;38;23;14;12;21;45;;;;;;;;;;;;;;;;;;;;;;;;;;;;;;1483
25/02/2015;26;;46;31;;;;;;;;;;29;;;;11;;;;;;98;24;41;;18;;36;38;;;49;42;;38;44;40;;6;31;30;25;16;37;12;88;32;19;24;27;29;2;23;7;33;;;;;;;;;;;;;;;;;;;;;;;;;;;;;;1026
26/02/2015;24,42;;74;27;;;;;;;;;;46;;;;15;;;;;;81;30;34;;25;;37;26;;;33;41;;71;59;27;;3;31;31;22;22;218;4;234;9;10;125;12;8;6;10;9;44;;;;;;;;;;;;;;;;;;;;;;;;;;;;;;1424
27/02/2015;24,28;;87;54;;;;;;;;;;39;;;;31;;;;;;4;31;61;;42;;47;62;;;72;61;;55;68;65;;10;57;54;15;22;59;34;166;73;42;35;81;46;88;64;111;51;;;;;;;;;;;;;;;;;;;;;;;;;;;;;;1787
28/02/2015;22,78;;53;26;;;;;;;;;;22;;;;17;;;;;;;22;38;;25;;21;19;;;35;37;;54;71;32;;6;23;22;1;11;55;42;112;61;54;40;32;32;33;37;39;35;;;;;;;;;;;;;;;;;;;;;;;;;;;;;;1107
03/03/2015;27,56;;34;23;;;;;;;;;;34;;;;10;;;;;;1;16;29;;22;;23;27;;;36;44;;24;36;35;;7;35;29;18;15;30;23;65;125;25;13;26;21;19;19;21;22;;;;;;;;;;;;;;;;;;;;;;;;;;;;;;907
04/03/2015;26,42;;42;31;;;;;;;;;;22;;;;16;;;;;;;19;31;;32;;26;38;;;49;38;;29;23;38;;15;34;31;25;14;26;19;64;40;30;15;20;16;7;5;10;31;;;;;;;;;;;;;;;;;;;;;;;;;;;;;;836
05/03/2015;25,26;;53;31;;;;;;;;;;28;;;;11;;;;;;32;21;42;;39;;27;41;;;33;35;;31;46;38;;6;33;33;10;14;15;13;43;11;16;6;18;13;9;12;13;31;;;;;;;;;;;;;;;;;;;;;;;;;;;;;;804
06/03/2015;24,3;;67;56;;;;;;;;;;49;;;;13;;;;;;87;36;58;;40;;51;55;;;65;70;;55;68;70;;9;49;42;21;20;92;50;220;78;44;52;84;54;36;74;78;53;;;;;;;;;;;;;;;;;;;;;;;;;;;;;;1896
07/03/2015;23,62;;26;122;;;;;;;;;;15;;;;9;;;;;;70;18;22;;22;;23;25;;;31;29;;23;28;31;;7;22;18;11;8;52;9;136;44;7;10;69;38;48;56;63;14;;;;;;;;;;;;;;;;;;;;;;;;;;;;;;1106
10/03/2015;23,98;;78;68;;;;;;;;;;37;;;;20;;;;;;76;24;58;;46;;46;60;;;73;70;;50;58;75;;19;50;45;15;24;20;21;72;19;25;10;21;21;5;7;9;33;;;;;;;;;;;;;;;;;;;;;;;;;;;;;;1255
11/03/2015;24,76;;37;31;;;;;;;;;;26;;;;15;20;;;;;35;15;43;;30;;32;41;;;37;37;;35;33;51;;3;30;26;11;7;42;18;102;47;18;28;55;34;32;47;48;30;;;;;;;;;;;;;;;;;;;;;;;;;;;;;;1096
12/03/2015;24,2;;39;39;;;;;;;;;;26;;;;16;62;;;;;;18;35;;27;;28;28;;;48;44;;28;37;38;;11;31;33;14;11;32;19;55;22;20;18;29;18;13;16;17;22;;;;;;;;;;;;;;;;;;;;;;;;;;;;;;894
13/03/2015;24,76;;102;34;;;;;;;;;;75;;;;15;;;;;;2;55;68;;31;;58;42;;;59;59;;59;62;54;;15;70;49;20;27;34;16;68;29;21;19;22;10;15;15;19;68;;;;;;;;;;;;;;;;;;;;;;;;;;;;;;1292
14/03/2015;26,56;;38;30;;;;;;;;;;20;;;;8;;;;;;;14;34;;15;;19;27;;;31;35;;21;27;27;;3;23;23;9;15;49;7;115;40;11;22;46;33;42;38;40;21;;;;;;;;;;;;;;;;;;;;;;;;;;;;;;883
17/03/2015;23,6;;64;53;;;;;;;;;;43;;;;21;;;;;;50;35;60;;35;;40;53;;;66;66;;39;50;51;;2;51;49;15;17;12;11;48;18;12;8;20;14;11;11;14;34;;;;;;;;;;;;;;;;;;;;;;;;;;;;;;1073
18/03/2015;23,48;;71;53;;;;;;;;;;41;;;;21;;;;;;109;29;59;;43;;36;60;;;72;81;;51;58;56;;17;57;48;19;22;71;67;158;65;64;52;50;39;38;48;56;34;;;;;;;;;;;;;;;;;;;;;;;;;;;;;;1745
19/03/2015;23,9;;29;38;;;;;;;;;;26;;;;7;;;;;;80;14;37;;22;;24;29;;;42;34;;21;26;23;;3;31;28;5;14;54;20;98;35;17;25;67;27;30;35;45;20;;;;;;;;;;;;;;;;;;;;;;;;;;;;;;1006
20/03/2015;25,9;;84;35;;;;;;;;;;33;;;;17;;;;;;106;36;46;;32;;37;50;;;44;61;;66;54;47;;6;44;28;10;21;49;20;116;39;28;25;49;27;25;25;46;54;;;;;;;;;;;;;;;;;;;;;;;;;;;;;;1360
21/03/2015;22,78;;28;42;;;;;;;;;;21;;;;6;;;;;;50;15;27;;28;;16;31;;;34;34;;65;23;42;;1;28;24;6;10;27;19;51;24;13;14;18;17;6;5;15;69;;;;;;;;;;;;;;;;;;;;;;;;;;;;;;809
24/03/2015;22,92;;28;26;;;;;;;;;;22;;;;8;;;;;;39;7;26;;21;;17;29;;;43;31;;17;15;33;;4;23;20;1;7;18;13;42;12;11;9;16;10;5;2;6;17;;;;;;;;;;;;;;;;;;;;;;;;;;;;;;578
25/03/2015;25,34;;31;23;;;;;;;;;;12;;;;16;;;;;;52;18;25;;17;;23;27;;;43;42;;23;24;32;;6;23;18;8;5;22;18;65;19;19;16;23;13;12;12;16;22;;;;;;;;;;;;;;;;;;;;;;;;;;;;;;725
26/03/2015;22,08;;18;21;;;;;;;;;;17;;;;6;;;;;;38;11;23;;14;;21;29;;;28;25;;18;17;30;;1;16;23;5;7;23;15;60;14;15;10;21;10;10;12;12;11;;;;;;;;;;;;;;;;;;;;;;;;;;;;;;581
27/03/2015;20,9;;40;28;;;;;;;;;;28;;;;6;;;;;;63;14;22;;24;;17;15;;;37;38;;19;24;28;;5;25;19;4;5;22;14;82;25;23;14;24;11;8;9;9;23;;;;;;;;;;;;;;;;;;;;;;;;;;;;;;725
28/03/2015;21,06;;28;22;;;;;;;;;;10;;;;11;;;;;;4;10;24;;22;;15;18;;;32;30;;17;16;25;;;19;20;1;12;17;2;33;16;3;5;16;7;4;14;10;20;;;;;;;;;;;;;;;;;;;;;;;;;;;;;;483
31/03/2015;21,68;;70;32;;;;;;;;;;59;;;;21;;;;;;10;58;52;;35;;53;42;;;61;54;;38;38;48;;7;55;34;24;18;33;21;64;25;27;26;35;23;12;12;18;42;;;;;;;;;;;;;;;;;;;;;;;;;;;;;;1147
01/04/2015;21,8;;14;8;;;;;;;;;;7;;;;9;;;;;;;1;8;;10;;8;6;;;13;13;;4;6;14;;1;10;9;2;5;5;1;7;5;3;1;4;4;;;1;6;;;;;;;;;;;;;;;;;;;;;;;;;;;;;;185
02/04/2015;21,9;;50;19;;;;;;;;;;25;;;;17;;;;;;1;22;34;;26;;26;33;;;38;40;;26;32;35;;8;21;21;8;9;7;4;24;11;12;7;8;5;2;1;4;27;;;;;;;;;;;;;;;;;;;;;;;;;;;;;;603
04/04/2015;25,3;;75;12;;;;;;;;;;10;;;;5;;;;;;;9;10;;6;;10;12;;;17;15;;42;37;29;;2;17;9;8;3;21;7;50;28;11;16;23;19;9;13;13;22;;;;;;;;;;;;;;;;;;;;;;;;;;;;;;560
07/04/2015;19,14;;23;17;;;;;;;;;;9;;;;9;;;;;;1;14;18;;14;;11;19;;;24;21;;7;14;28;;2;17;14;6;8;6;9;18;10;9;6;17;16;4;6;10;15;;;;;;;;;;;;;;;;;;;;;;;;;;;;;;402
08/04/2015;21,06;;24;16;;;;;;;;;;14;;;;8;;;;;;;7;25;;21;;7;26;;;39;38;;8;10;26;;4;24;22;10;5;28;31;68;35;30;23;12;18;22;24;29;11;;;;;;;;;;;;;;;;;;;;;;;;;;;;;;665
09/04/2015;22,18;;34;19;;;;;;;;;;17;;;;11;;;;;;;8;32;;22;;14;33;;;44;30;;17;22;30;;2;25;20;4;6;32;11;68;26;10;14;26;29;7;5;13;20;;;;;;;;;;;;;;;;;;;;;;;;;;;;;;651
10/04/2015;22,62;;41;38;;;;;;;;;;20;;;;7;;;;;;1;25;29;;17;;22;31;;;25;34;;29;29;25;;8;25;30;12;9;34;7;58;30;13;17;36;24;17;12;17;30;;;;;;;;;;;;;;;;;;;;;;;;;;;;;;752
11/04/2015;22,74;;48;28;;;;;;;;;;34;;;;13;;;;;;;19;36;;40;;43;38;;;43;44;;39;51;45;;6;30;33;21;20;8;10;54;11;15;11;12;13;8;6;9;26;;;;;;;;;;;;;;;;;;;;;;;;;;;;;;814
14/04/2015;23,36;;31;25;;;;;;;;;;20;;;;5;;;;;;;19;28;;26;;16;29;;;45;34;;25;22;32;;4;25;16;8;7;9;3;25;9;6;3;13;15;3;3;6;23;;;;;;;;;;;;;;;;;;;;;;;;;;;;;;535
15/04/2015;22,72;;33;31;;;;;;;;;;24;;;;14;;;;;;;15;30;;28;;20;34;;;50;40;;21;27;41;;7;32;29;6;12;34;67;70;25;16;16;29;27;6;12;9;26;;;;;;;;;;;;;;;;;;;;;;;;;;;;;;831
16/04/2015;22,44;;17;16;;;;;;;;;;10;;;;6;;;;;;;14;13;;20;;10;18;;;20;17;;15;12;18;;3;16;17;2;2;8;5;20;10;4;5;7;3;3;4;6;9;;;;;;;;;;;;;;;;;;;;;;;;;;;;;;330
17/04/2015;22,2;;66;34;;;;;;;;;;21;;;;7;;;;;;;13;30;;18;;24;34;;;62;44;;40;50;56;;5;27;24;;10;30;17;56;33;18;12;30;32;11;13;14;30;;;;;;;;;;;;;;;;;;;;;;;;;;;;;;861
18/04/2015;20,36;;18;24;;;;;;;;;;13;;;;49;;;;;;;6;14;;14;;9;11;;;21;27;;9;47;21;;2;15;9;2;5;10;6;21;9;8;4;11;10;3;4;6;21;;;;;;;;;;;;;;;;;;;;;;;;;;;;;;429
20/04/2015;21,84;;4;;;;;;;;;;;2;;;;;;;;;;;4;2;;2;;7;2;;;2;4;;7;7;2;;6;2;2;2;4;;;;;;;;;;;;7;;;;;;;;;;;;;;;;;;;;;;;;;;;;;;68
22/04/2015;19,32;;27;8;;;;;;;;;;8;;;;5;;;;;;;2;7;;8;;3;13;;;14;17;;16;18;14;;1;5;11;1;1;11;3;14;5;4;3;6;12;2;5;3;20;;;;;;;;;;;;;;;;;;;;;;;;;;;;;;267
23/04/2015;19,16;;26;28;;;;;;;;;;10;;;;8;;;;;;;15;26;;24;;14;34;;;34;34;;12;16;27;;1;25;16;5;1;12;16;27;14;18;17;14;17;5;9;9;15;;;;;;;;;;;;;;;;;;;;;;;;;;;;;;529
24/04/2015;19,86;;87;29;;;;;;;;;;31;;;;9;;;;;;;22;29;;31;;20;34;;;56;47;;28;38;64;;5;32;30;13;12;31;13;65;17;11;12;44;21;11;13;13;35;;;;;;;;;;;;;;;;;;;;;;;;;;;;;;903
25/04/2015;19,72;;14;13;;;;;;;;;;7;;;;;;;;;;;5;9;;7;;6;11;;;20;17;;6;8;15;;;9;7;3;2;4;;9;;;;5;6;3;3;4;4;;;;;;;;;;;;;;;;;;;;;;;;;;;;;;197
28/04/2015;19,66;;25;32;;;;;;;;;;16;;;;7;;;;;;;13;21;;11;;15;20;;;18;27;;13;21;18;;9;23;18;5;8;42;29;65;32;23;21;40;31;12;8;22;21;;;;;;;;;;;;;;;;;;;;;;;;;;;;;;666
29/04/2015;18,02;;45;27;;;;;;;;;;31;;;;11;;;;;;;21;26;;26;;33;29;;;37;32;;30;31;33;;2;31;30;14;16;31;17;78;21;23;12;23;21;7;11;15;34;;;;;;;;;;;;;;;;;;;;;;;;;;;;;;798
30/04/2015;16,56;;100;50;;;;;;;;;;41;;;;15;;;;;;;27;43;;36;;24;38;;;55;53;;20;31;40;;8;38;31;11;10;17;14;46;12;15;16;10;18;15;16;20;40;;;;;;;;;;;;;;;;;;;;;;;;;;;;;;910
02/05/2015;19,36;;3;2;;;;;;;;;;3;;;;2;;;;;;;2;2;;1;;1;4;;;4;4;;1;3;2;;;5;2;;;4;5;18;5;11;4;8;4;1;1;6;3;;;;;;;;;;;;;;;;;;;;;;;;;;;;;;111
05/05/2015;13,7;;5;13;;;;;;;;;;7;;;;3;;;;;;;8;6;;6;;1;9;;;10;12;;5;6;15;;;8;6;1;2;5;6;15;8;6;5;7;14;3;3;6;5;;;;;;;;;;;;;;;;;;;;;;;;;;;;;;206
06/05/2015;14,04;;15;9;;;;;;;;;;20;;;;7;;;;;;;7;13;;13;;7;21;;;24;17;;4;8;23;;1;14;13;3;4;12;11;38;12;8;6;12;10;4;2;4;5;;;;;;;;;;;;;;;;;;;;;;;;;;;;;;347
07/05/2015;14,16;;15;12;;;;;;;;;;16;;;;1;;;;;;;5;10;;11;;6;11;;;8;11;;6;5;10;;1;11;8;2;2;6;7;21;10;5;2;6;5;;5;2;5;;;;;;;;;;;;;;;;;;;;;;;;;;;;;;225
08/05/2015;15,9;;23;25;;;;;;;;;;22;;;;12;;;;;;;14;25;;16;;7;16;;;28;33;;8;10;26;;10;19;18;3;2;20;21;52;21;9;10;12;8;6;5;9;4;;;;;;;;;;;;;;;;;;;;;;;;;;;;;;494
09/05/2015;19;;15;8;;;;;;;;;;12;;;;7;;;;;;;2;12;;11;;6;14;;;12;16;;4;4;18;;1;11;5;4;;7;5;20;11;4;3;10;13;3;5;1;7;;;;;;;;;;;;;;;;;;;;;;;;;;;;;;251
12/05/2015;17,08;;5;6;;;;;;;;;;2;;;;1;;;;;;;1;6;;8;;2;6;;;9;8;;1;1;9;;;5;4;;;17;9;27;23;9;6;16;25;5;5;9;2;;;;;;;;;;;;;;;;;;;;;;;;;;;;;;227
13/05/2015;17;;14;8;;;;;;;;;;10;;;;5;;;;;;;11;9;;14;;2;14;;;14;14;;8;4;17;;5;17;8;1;3;18;8;42;16;5;6;15;16;2;4;5;3;;;;;;;;;;;;;;;;;;;;;;;;;;;;;;318
14/05/2015;18,32;;5;4;;;;;;;;;;6;;;;1;;;;;;;3;6;;4;;;4;;;10;9;;3;3;6;;;10;4;1;;2;1;4;;1;;1;2;;1;;3;;;;;;;;;;;;;;;;;;;;;;;;;;;;;;94
15/05/2015;19,72;;51;22;;;;;;;;;;29;;;;6;;;;;;;15;28;;29;;13;22;;;35;35;;25;25;31;;14;25;21;3;6;23;11;42;16;6;13;16;19;5;5;6;23;;;;;;;;;;;;;;;;;;;;;;;;;;;;;;620
16/05/2015;19,7;;10;9;;;;;;;;;;6;;;;3;;;;;;;6;8;;10;;2;12;;;10;12;;10;3;6;;2;7;5;1;2;8;;14;2;;1;9;7;1;3;1;4;;;;;;;;;;;;;;;;;;;;;;;;;;;;;;174
19/05/2015;20,8;;18;14;;;;;;;;;;15;;;;4;;;;;;;10;10;;15;;9;13;;;23;23;;8;7;21;;7;12;19;3;2;10;6;14;4;4;6;5;15;1;6;6;11;;;;;;;;;;;;;;;;;;;;;;;;;;;;;;321
20/05/2015;20,98;;11;8;;;;;;;;;;10;;;;2;;;;;;;10;7;;7;;3;10;;;10;12;;3;3;13;;2;6;7;1;;19;7;39;9;6;9;13;16;3;3;5;5;;;;;;;;;;;;;;;;;;;;;;;;;;;;;;259
21/05/2015;21,88;;24;15;;;;;;;;;;13;;;;5;;;;;;;6;17;;10;;7;12;;;22;18;;11;9;13;;;20;11;1;3;14;12;22;9;10;8;6;5;3;4;5;10;;;;;;;;;;;;;;;;;;;;;;;;;;;;;;325
22/05/2015;22,64;;22;18;;;;;;;;;;17;;;;7;;;;;;5;15;24;;16;;11;13;;;19;14;;9;7;23;;1;16;16;2;4;26;21;58;23;19;14;12;12;16;20;16;9;;;;;;;;;;;;;;;;;;;;;;;;;;;;;;505
23/05/2015;24,14;;18;21;;;;;;;;;;16;;;;8;;;;;;10;7;12;;10;;9;15;;;21;31;;11;8;22;;7;24;22;7;3;23;5;28;11;6;11;10;11;7;10;9;12;;;;;;;;;;;;;;;;;;;;;;;;;;;;;;425
26/05/2015;19,92;;11;8;;;;;;;;;;7;;;;5;;;;;;10;2;10;;5;;5;11;;;9;15;;4;9;12;;1;8;7;1;;8;5;11;5;4;1;7;9;1;1;;9;;;;;;;;;;;;;;;;;;;;;;;;;;;;;;201
27/05/2015;17,62;;11;12;;;;;;;;;;13;;;;3;;;;;;13;5;17;;10;;11;11;;;16;18;;10;16;19;;5;14;16;2;7;31;17;67;21;25;14;32;28;9;13;15;11;;;;;;;;;;;;;;;;;;;;;;;;;;;;;;512
28/05/2015;16,2;;9;6;;;;;;;;;;12;;;;1;;;;;;12;7;7;;4;;3;5;;;13;12;;7;5;12;;1;6;5;1;2;7;5;12;3;4;4;2;2;;;2;8;;;;;;;;;;;;;;;;;;;;;;;;;;;;;;179
29/05/2015;15,4;;11;14;;;;;;;;;;9;;;;8;;;;;;24;6;16;;8;;2;11;;;18;11;;6;4;11;;3;10;9;1;3;17;6;41;14;4;7;17;13;1;7;3;5;;;;;;;;;;;;;;;;;;;;;;;;;;;;;;320
30/05/2015;14,12;;8;10;;;;;;;;;;6;;;;6;;;;;;11;3;7;;5;;2;5;;;11;11;;1;7;9;;2;7;4;3;2;8;7;14;10;1;3;8;10;1;3;3;3;;;;;;;;;;;;;;;;;;;;;;;;;;;;;;191
02/06/2015;14,52;;1;5;;;;;;;;;;3;;;;1;;;;;;1;2;3;;1;;2;5;;;8;6;;1;1;4;;;3;2;;;16;14;25;3;21;16;17;6;18;19;20;1;;;;;;;;;;;;;;;;;;;;;;;;;;;;;;225
03/06/2015;16,94;;11;15;;;;;;;;;;9;;;;5;;;;;;19;3;16;;8;;5;10;;;19;13;;3;5;11;;1;14;8;1;2;8;8;16;4;9;5;9;6;6;7;7;5;;;;;;;;;;;;;;;;;;;;;;;;;;;;;;268
05/06/2015;19,02;;4;8;;;;;;;;;;5;;;;1;;;;;;5;3;5;;4;;2;8;;;6;7;;3;3;8;;3;3;1;2;;6;4;8;4;3;2;4;6;2;3;3;1;;;;;;;;;;;;;;;;;;;;;;;;;;;;;;127
06/06/2015;22,2;;16;13;;;;;;;;;;9;;;;2;;;;;;25;10;15;;12;;7;18;;;23;16;;7;9;21;;1;17;14;3;2;12;8;39;9;6;10;9;6;6;6;9;9;;;;;;;;;;;;;;;;;;;;;;;;;;;;;;369
09/06/2015;23,16;;13;14;;;;;;;;;;10;;;;7;;;;;;18;8;15;;8;;;11;;;19;21;;4;4;20;;4;9;12;4;3;21;13;43;31;10;13;24;36;5;10;15;6;;;;;;;;;;;;;;;;;;;;;;;;;;;;;;431
10/06/2015;20,86;;59;19;;;;;;;;;;21;;;;4;;;;;;30;16;23;;12;;19;22;;;30;22;;26;26;24;;2;19;18;8;8;6;3;24;4;3;1;7;4;1;1;2;20;;;;;;;;;;;;;;;;;;;;;;;;;;;;;;484
11/06/2015;13,28;;20;7;;;;;;;;;;12;;;;4;;;;;;26;9;23;;8;;7;17;;;19;25;;13;10;21;;4;16;12;5;3;4;3;23;5;3;3;5;4;;1;1;11;;;;;;;;;;;;;;;;;;;;;;;;;;;;;;324
12/06/2015;10,58;;19;17;;;;;;;;;;18;;;;10;;;;;;31;8;19;;6;;8;14;;;25;29;;8;10;23;;1;18;19;4;2;4;3;42;9;4;2;6;1;2;1;1;8;;;;;;;;;;;;;;;;;;;;;;;;;;;;;;372
13/06/2015;13,78;;9;3;;;;;;;;;;8;;;;6;;;;;;25;1;6;;6;;3;9;;;12;7;;32;12;12;;;6;6;;;16;4;34;16;1;9;18;19;4;4;9;3;;;;;;;;;;;;;;;;;;;;;;;;;;;;;;300
16/06/2015;10,12;;8;9;;;;;;;;;;5;;;;1;;;;;;4;1;6;;3;;2;3;;;8;5;;1;3;5;;;2;3;;;4;4;8;4;2;2;5;7;1;1;2;1;;;;;;;;;;;;;;;;;;;;;;;;;;;;;;110
17/06/2015;12,74;;16;6;;;;;;;;;;16;;;;7;;;;;;21;8;14;;15;;4;16;;;20;12;;4;3;12;;3;11;11;1;1;16;4;34;24;3;10;18;27;2;8;6;7;;;;;;;;;;;;;;;;;;;;;;;;;;;;;;360
18/06/2015;10,92;;12;13;;;;;;;;;;6;;;;2;;;;;;20;5;7;;12;;5;13;;;12;12;;5;2;14;;;13;6;2;1;12;10;27;10;3;4;26;5;;7;3;3;;;;;;;;;;;;;;;;;;;;;;;;;;;;;;272
19/06/2015;8,54;;18;3;;;;;;;;;;8;;;;3;;;;;;25;9;17;;11;;3;16;;;18;15;;5;2;18;;2;19;5;2;;9;10;33;11;3;7;19;14;3;6;4;4;;;;;;;;;;;;;;;;;;;;;;;;;;;;;;322
20/06/2015;12,66;;8;7;;;;;;;;;;4;;;;1;;;;;;7;2;5;;2;;;5;;;9;6;;2;1;8;;;3;7;;1;4;2;11;14;3;2;4;7;1;4;2;1;;;;;;;;;;;;;;;;;;;;;;;;;;;;;;133
23/06/2015;11;;5;2;;;;;;;;;;1;;;;;;;;;;6;1;5;;3;;1;2;;;6;4;;3;3;4;;;1;2;2;;3;5;6;;2;1;3;3;;1;1;4;;;;;;;;;;;;;;;;;;;;;;;;;;;;;;80
24/06/2015;11,68;;4;5;;;;;;;;;;2;;;;2;;;;;;2;3;6;;5;;3;8;;;6;6;;2;2;4;;1;4;2;;1;;2;3;3;1;;2;;;;;3;;;;;;;;;;;;;;;;;;;;;;;;;;;;;;82
25/06/2015;15,44;;7;4;;;;;;;;;;2;;;;2;;;;;;2;4;4;;5;;2;7;;;10;10;;4;3;7;;1;4;4;1;1;1;;3;;;;3;;;;;1;;;;;;;;;;;;;;;;;;;;;;;;;;;;;;92
26/06/2015;16,1;;23;8;;;;;;;;;;13;;;;5;;;;;;15;14;27;;22;;7;20;;;32;14;;7;5;21;;5;21;11;4;6;11;6;17;4;3;4;3;5;2;2;2;7;;;;;;;;;;;;;;;;;;;;;;;;;;;;;;346
27/06/2015;15,98;;11;6;;;;;;;;;;8;;;;2;;;;;;5;4;7;;13;;2;5;;;11;12;;5;5;2;;3;4;3;2;3;2;1;11;3;2;2;4;3;;;2;3;;;;;;;;;;;;;;;;;;;;;;;;;;;;;;146
30/06/2015;17,98;;4;5;;;;;;;;;;1;;;;2;;;;;;2;2;3;;2;;3;3;;;1;1;;2;;;;1;2;4;1;;2;;7;3;;;2;12;;1;;4;10;7;8;8;;;;;;;;;;;;;;;;;;;;;;;;;;103
01/07/2015;13,62;;6;2;;;;;;;;;;7;;;;2;;;;;;6;5;5;;4;;6;2;;;1;6;;6;6;6;;2;2;3;4;4;1;;3;2;1;1;3;;1;;1;5;;;;;;;;;;;;;;;;;;;;;;;;;;;;;;103
02/07/2015;14,9;;9;7;;;;;;;;;;8;;;;6;;;;;;7;8;11;;8;;5;11;;;5;9;;6;5;15;;4;8;6;3;;3;2;6;;;5;4;5;;3;4;1;;;;;;;;;;;;;;;;;;;;;;;;;;;;;;174
03/07/2015;16,68;;3;2;;;;;;;;;;3;;;;1;;;;;;5;3;4;;2;;3;1;;;11;6;;3;5;7;;;8;4;1;;15;1;14;5;2;3;19;16;1;7;5;2;;;;;;;;;;;;;;;;;;;;;;;;;;;;;;162
04/07/2015;10,98;;7;6;;;;;;;;;;9;;;;7;;;;;;5;6;9;;6;;3;7;;;16;15;;4;4;11;;1;13;10;5;2;4;4;13;4;5;4;2;6;3;2;2;4;;;;;;;;;;;;;;;;;;;;;;;;;;;;;;199
06/07/2015;14,9;;2;;;;;;;;;;;1;;;;2;;;;;;;1;2;;1;;1;1;;;2;1;;1;1;1;;1;2;2;1;1;;;;;;;;;;;;1;;;;;;;;;;;;;;;;;;;;;;;;;;;;;;25
07/07/2015;15,28;;19;11;;;;;;;;;;13;;;;1;;;;;;6;6;16;;21;;8;19;;;17;13;;8;7;12;;2;15;10;5;1;4;2;7;4;4;4;5;13;;1;2;9;;;;;;;;;;;;;;;;;;;;;;;;;;;;;;265
08/07/2015;15,86;;5;5;;;;;;;;;;3;;;;1;;;;;;1;4;3;;6;;2;5;;;7;8;;2;2;7;;1;4;2;3;3;15;7;13;3;3;4;11;20;7;4;1;3;;;;;;;;;;;;;;;;;;;;;;;;;;;;;;165
09/07/2015;16,12;;6;2;;;;;;;;;;;;;;2;;;;;;3;2;6;;3;;2;3;;;3;7;;5;4;4;;1;3;2;1;2;1;1;4;4;;1;2;5;2;1;2;1;;;;;;;;;;;;;;;;;;;;;;;;;;;;;;85
10/07/2015;16,1;;7;3;;;;;;;;;;6;;;;;;;;;;7;9;9;;8;;6;13;;;15;14;;5;4;9;;3;9;7;1;2;5;3;15;10;3;4;4;9;3;1;2;8;;;;;;;;;;;;;;;;;;;;;;;;;;;;;;204
11/07/2015;15,8;;10;4;;;;;;;;;;2;;;;1;;;;;;1;3;4;;6;;7;5;;;6;15;;6;6;5;;;3;5;;3;2;3;6;5;4;3;7;5;5;7;7;5;;;;;;;;;;;;;;;;;;;;;;;;;;;;;;151
14/07/2015;13,34;;3;2;;;;;;;;;;3;;;;1;;;;;;2;3;2;;4;;5;6;;;5;6;;2;2;3;;1;6;3;1;2;;1;6;;1;;2;5;;;;1;;;;;;;;;;;;;;;;;;;;;;;;;;;;;;78
15/07/2015;10,9;;6;6;;;;;;;;;;7;;;;2;;;;;;6;5;7;;3;;2;12;;;12;8;;7;7;10;;;8;11;3;1;5;5;14;7;8;7;6;7;2;4;2;3;;;;;;;;;;;;;;;;;;;;;;;;;;;;;;193
16/07/2015;13,68;;9;7;;;;;;;;;;9;;;;2;;;;;;9;5;10;;9;;4;13;;;13;11;;10;6;17;;2;8;10;;;28;9;43;19;10;9;27;24;13;12;22;3;;;;;;;;;;;;;;;;;;;;;;;;;;;;;;373
17/07/2015;15,5;;12;8;;;;;;;;;;4;;;;1;;;;;;3;5;10;;7;;1;10;;;7;7;;6;5;5;;1;6;5;1;;20;10;33;11;8;5;18;15;4;7;11;3;;;;;;;;;;;;;;;;;;;;;;;;;;;;;;249
18/07/2015;16,3;;5;3;;;;;;;;;;6;;;;;;;;;;4;5;4;;5;;1;4;;;6;6;;2;1;5;;;3;3;;;9;13;10;9;7;4;9;10;4;7;7;1;;;;;;;;;;;;;;;;;;;;;;;;;;;;;;153
21/07/2015;13,36;;1;6;;;;;;;;;;1;;;;1;;;;;;3;;3;;2;;;3;;;3;3;;2;1;3;;;1;2;;;10;8;10;8;4;6;8;16;2;;1;3;4;6;7;7;;;;;;;;;;;;;;;;;;;;;;;;;;135
22/07/2015;12,52;;5;6;;;;;;;;;;3;;;;3;;;;;;6;2;7;;8;;2;5;;;10;8;;1;2;7;;2;10;5;1;2;2;2;2;5;3;6;2;1;1;1;2;2;;;;;;;;;;;;;;;;;;;;;;;;;;;;;;124
23/07/2015;13,88;;3;2;;;;;;;;;;1;;;;2;;;;;;1;1;2;;;;3;3;;;5;4;;6;4;13;;1;5;3;4;2;14;198;15;12;4;9;16;12;5;6;5;3;;;;;;;;;;;;;;;;;;;;;;;;;;;;;;364
24/07/2015;15,82;;17;3;;;;;;;;;;4;;;;;;;;;;4;4;3;;2;;;2;;;8;7;;5;5;6;;1;5;2;;2;8;40;11;2;1;3;7;3;3;4;4;3;;;;;;;;;;;;;;;;;;;;;;;;;;;;;;169
25/07/2015;15,6;;9;7;;;;;;;;;;9;;;;2;;;;;;6;7;10;;11;;5;6;;;12;11;;2;1;11;;3;7;4;3;1;10;172;9;2;5;3;9;9;2;4;3;3;;;;;;;;;;;;;;;;;;;;;;;;;;;;;;358
27/07/2015;16,86;;2;9;;;;;;;;;;4;;;;;;;;;;5;5;6;;6;;1;6;;;8;8;;2;6;6;;;2;3;1;;4;52;5;1;4;;7;5;3;2;3;1;;;;;;;;;;;;;;;;;;;;;;;;;;;;;;167
29/07/2015;18,18;;7;6;;;;;;;;;;12;;;;4;;;;;;7;1;10;;8;;6;12;;;13;15;;3;7;10;;3;8;5;3;2;8;24;16;11;3;4;9;18;4;4;2;7;;;;;;;;;;;;;;;;;;;;;;;;;;;;;;252
30/07/2015;20,48;;21;13;;;;;;;;;;15;;;;2;;;;;;10;9;9;;9;;9;14;;;13;21;;11;13;12;;6;7;7;4;4;7;8;15;7;3;7;8;8;5;7;2;10;;;;;;;;;;;;;;;;;;;;;;;;;;;;;;296
31/07/2015;22,26;;63;9;;;;;;;;;;23;;;;3;;;;;;8;21;31;;17;;22;25;;;32;24;;43;60;26;;5;17;15;8;15;13;3;28;16;3;3;8;15;6;3;3;27;;;;;;;;;;;;;;;;;;;;;;;;;;;;;;595
01/08/2015;18,78;;9;5;;;;;;;;;;4;;;;6;;;;;;2;5;8;;5;;7;3;;;5;4;;7;10;8;;2;6;5;3;4;3;4;6;2;1;;8;2;6;4;3;7;;;;;;;;;;;;;;;;;;;;;;;;;;;;;;154
04/08/2015;17,62;;40;20;;;;;;;;;;27;;;;7;;;;;;12;21;34;;27;;28;26;;;39;33;;42;35;35;;3;28;22;10;17;8;10;19;8;6;7;16;17;4;6;3;28;;;;;;;;;;;;;;;;;;;;;;;;;;;;;;638
05/08/2015;17,54;;11;8;;;;;;;;;;9;;;;6;;;;;;7;9;11;;4;;7;8;;;10;12;;10;7;17;;4;10;11;5;3;38;14;52;33;14;12;30;35;9;15;8;8;;;;;;;;;;;;;;;;;;;;;;;;;;;;;;437
06/08/2015;23,5;;38;21;;;;;;;;;;38;;;;11;;;;;;17;20;39;;24;;25;28;;;31;32;;36;46;21;;11;28;16;17;9;25;16;30;26;14;18;21;23;14;20;17;30;;2;;;;;;;;;;;;;;;;;;;;;;;;;;;;764
07/08/2015;27,08;;72;14;;;;;;;;;;22;;;;7;;;;;;6;16;20;;12;;18;12;;;23;16;;50;47;16;;6;20;17;4;8;71;64;101;61;66;84;48;60;49;48;53;27;;;;;;;;;;;;;;;;;;;;;;;;;;;;;;1138
08/08/2015;26,56;;22;23;;;;;;;;;;23;;;;15;;;;;;15;21;27;;14;;20;21;;;25;26;;22;25;25;;5;18;16;8;9;34;10;42;21;9;12;25;21;4;7;6;16;;;;;;;;;;;;;;;;;;;;;;;;;;;;;;587
11/08/2015;19,98;;44;22;;;;;;;;;;27;;;;17;;;;;;19;18;33;;20;;39;35;;;35;33;;44;41;37;;9;25;24;10;18;27;24;57;27;23;20;33;28;12;15;13;32;;;;;;;;;;;;;;;;;;;;;;;;;;;;;;861
12/08/2015;22,84;;34;2;;;;;;;;;;32;;;;12;;;;;;11;20;37;;19;;30;29;;;34;34;;43;40;42;;6;28;26;11;15;134;52;192;117;66;73;100;80;48;55;71;26;66;60;60;60;;;;;;;;;;;;;;;;;;;;;;;;;;1765
13/08/2015;23,3;;66;;;;;;;;;;;50;;;;19;;;;;;18;25;49;;28;;41;36;;;37;39;;64;61;33;;9;34;32;14;19;18;11;48;18;8;7;32;11;3;7;7;41;;;;;;;;;;;;;;;;;;;;;;;;;;;;;;885
14/08/2015;22,66;;72;;;;;;;;;;;50;;;;18;;;;;;25;39;56;;43;;56;49;;;46;59;;71;68;43;;7;51;42;15;21;56;27;120;67;25;40;91;44;22;32;36;48;;;;;;;;;;;;;;;;;;;;;;;;;;;;;;1439
15/08/2015;20,5;;27;;;;;;;;;;;15;;;;6;;;;;;6;17;18;;13;;16;19;;;16;24;;28;24;13;;3;27;15;2;11;26;16;49;24;16;12;22;19;9;11;10;17;6;6;6;6;;;;;;;;;;;;;;;;;;;;;;;;;;555
18/08/2015;20,78;;40;2;;;;;;;;;;28;;;;10;;;;;;12;17;31;;18;;19;27;;;31;29;;27;25;24;;3;25;21;5;11;15;11;28;15;9;11;9;17;4;5;6;26;;;;;1;1;;;;;;;;;;;;;;;;;;;;;;;;563
19/08/2015;15,8;;31;;;;;;;;;;;26;;;;11;;;;;;13;14;29;;19;;23;22;;;42;30;;23;28;30;;6;22;19;5;15;34;31;61;48;35;28;30;28;18;23;25;17;;;;;6;3;;;;;;;;;;;;;;;;;;;;;;;;795
20/08/2015;16,14;;18;;;;;;;;;;;12;;;;9;;;;;;10;12;10;;14;;15;20;;;15;15;;22;28;10;;2;13;14;3;11;22;16;75;21;15;54;38;23;6;13;6;14;4;4;5;4;7;2;;;;;;;;;;;;;;;;;;;;;;;;582
21/08/2015;18,42;;14;;;;;;;;;;;16;;;;5;;;;;;9;15;16;;15;;13;17;;;21;23;;16;15;16;;4;17;12;5;4;25;17;59;25;17;14;27;17;7;10;10;11;4;4;3;3;3;2;;;;;;;;;;;;;;;;;;;;;;;;511
22/08/2015;19,38;;27;;;;;;;;;;;19;;;;7;;;;;;11;8;26;;14;;15;20;;;28;27;;24;26;27;;3;22;12;4;7;20;12;41;19;15;13;12;14;10;8;8;13;;;;;2;2;;;;;;;;;;;;;;;;;;;;;;;;516
25/08/2015;17,54;;20;;;;;;;;;;;13;;;;8;;;;;;15;10;16;;22;;9;27;;;22;19;;9;13;18;;3;20;15;5;5;5;6;15;5;5;5;9;7;4;5;5;6;;;;;3;2;;;;;;;;;;;;;;;;;;;;;;;;351
26/08/2015;17,8;;15;;;;;;;;;;;19;;;;6;;;;;;5;8;21;;6;;8;18;;;23;20;;13;18;27;;1;19;10;;2;23;1;43;29;13;19;22;19;5;11;7;9;;;;;7;3;;;;;;;;;;;;;;;;;;;;;;;;450
27/08/2015;18,22;;40;;;;;;;;;;;15;;;;7;;;;;;11;8;18;;14;;13;20;;;23;24;;19;27;23;;3;17;14;6;6;20;1;30;12;8;8;17;9;3;5;9;15;;;;;10;9;;6;;;4;;;;;;;;;;;;;;;;;;;474
28/08/2015;15,04;;87;;;;;;;;;;;55;;;;4;;;;;;31;41;65;;44;;54;48;;;48;55;;61;55;48;;17;52;49;22;43;41;;103;60;18;36;47;26;5;17;10;52;10;10;10;10;;;;;;;;;;;;;;;;;;;;;;;;;;1334
29/08/2015;18,4;;55;;;;;;;;;;;22;;;;4;;;;;;12;20;18;;25;;2;28;;;29;26;;45;44;23;;7;14;15;11;4;25;;67;494;21;15;28;29;4;8;7;19;;;;;4;1;;5;;;3;;;;;;;;;;;;;;;;;;;1134
31/08/2015;23,12;;25;;;;;;;;;;;17;;;;;;;;;;16;18;17;;16;;49;16;;;17;17;;49;48;16;;;16;16;16;16;;6;1;21;1;;;;;;;40;;;;;;;;;;;;;;;;;;;;;;;;;;;;;;454
01/09/2015;16,92;;27;;;;;;;;;;;24;;;;5;;;;;;24;8;25;;21;;19;22;;;29;27;;29;28;27;;4;17;23;10;7;3;2;16;6;6;2;8;11;1;3;2;22;;3;;2;6;4;;8;;;9;;;;;;;;;;;;;;;;;;;490
02/09/2015;15,88;;38;;;;;;;;;;;29;;;;9;;;;;;14;23;29;;20;;38;23;;;23;24;;39;44;26;;8;24;22;18;12;73;;104;2;36;38;62;20;20;42;31;29;4;7;6;6;25;23;;4;;;3;;;;;;;;;;;;;;;;;;;998
03/09/2015;17,02;;41;;;;;;;;;;;42;;;;13;;;;;;34;26;52;;32;;32;43;;;46;47;;44;39;39;;10;30;38;11;13;24;;51;;16;17;23;18;5;8;6;35;4;4;3;3;9;9;;15;;;13;;;;;;;;;;;;;;;;;;;895
04/09/2015;15,92;;117;;;;;;;;;;;30;;;;4;;;;;;11;42;74;;20;;30;32;;;52;33;;57;63;33;;14;32;28;16;22;13;;24;5;6;6;10;12;3;3;3;46;1;2;3;1;3;;;5;;;3;;;;;;;;;;;;;;;;;;;859
05/09/2015;16,04;;30;;;;;;;;;;;10;;;;4;;;;;;9;8;23;;14;;9;17;;;18;18;;22;23;17;;3;20;14;4;7;34;1;72;33;34;34;24;30;15;31;31;6;8;9;9;7;6;23;;17;;;17;;;;;;;;;;;;;;;;;;;711
09/09/2015;17,44;;17;;;;;;;;;;;11;;;;;;;;;;11;11;10;;13;;8;10;;;11;13;;17;12;20;;2;11;14;1;3;48;1;97;43;33;32;32;41;13;20;23;12;3;1;8;4;19;18;;18;;;18;;;;;;;;;;;;;;;;;;;679
10/09/2015;17,5;;39;;;;;;;;;;;19;;;;9;;;;;;15;18;27;;22;;20;25;;;31;31;;25;21;25;;9;28;20;9;11;8;;33;8;9;6;17;7;4;8;6;27;1;1;2;2;27;23;;10;;;7;;;;;;;;;;;;;;;;;;;610
11/09/2015;13,44;;50;;;;;;;;;;;29;;;;7;;;;;;12;19;31;;20;;9;19;;;38;25;;18;18;36;;5;24;21;7;1;30;1;65;26;15;19;25;45;12;17;12;18;;;;3;19;10;;11;;;10;;;;;;;;;;;;;;;;;;;727
12/09/2015;10,84;;68;;;;;;;;;;;20;;;;9;;;;;;19;11;29;;17;;16;22;;;29;26;;31;30;31;;5;18;26;3;6;23;;53;12;16;15;28;7;5;8;9;56;10;10;10;10;9;2;;5;;;7;;;;;;;;;;;;;;;;;;;711
15/09/2015;20,3;;14;;;;;;;;;;;8;;;;3;;;;;;8;8;16;;12;;10;12;;;11;16;;13;13;12;;4;15;15;2;2;20;;31;13;13;8;21;14;6;11;9;8;;;1;1;4;3;;5;4;;4;;;;;;;;;;;;;;;;;;;370
16/09/2015;18,1;;14;;;;;;;;;;;10;;;;2;;;;;;9;3;10;;10;;9;11;;;11;13;;7;7;7;;2;10;10;2;4;74;;115;56;45;38;75;40;15;18;16;6;10;12;14;7;9;5;;8;6;;6;;;;;;;;;;;;;;;;;;;726
17/09/2015;17,34;;27;;;;;;;;;;;16;;;;14;;;;;;12;7;17;;13;;12;19;;;21;23;;11;12;21;;3;16;17;5;7;37;;140;45;24;34;54;30;5;13;12;13;3;6;5;6;3;3;;6;5;;5;;;;;;;;;;;;;;;;;;;722
18/09/2015;17,34;;20;;;;;;;;;;;18;;;;5;;;;;;13;7;20;;15;;10;21;;;24;29;;14;13;53;;5;20;13;2;2;71;;94;41;35;43;53;18;16;15;15;10;;2;4;;13;7;;5;3;;5;;;;;;;;;;;;;;;;;;;754
19/09/2015;18,18;;14;;;;;;;;;;;11;;;;6;;;;;;11;5;13;;9;;12;12;;;20;13;;16;11;16;;3;15;17;4;1;25;;92;38;21;14;34;14;4;5;14;7;;;;;8;2;;5;3;;4;;;;;;;;;;;;;;;;;;;499
22/09/2015;19,9;;16;;;;;;;;;;;14;;;;6;;;;;;11;4;13;;9;;12;14;;;24;19;;15;14;17;;14;11;12;;5;26;;71;26;23;21;30;18;6;7;8;9;4;6;6;6;8;3;;8;4;;7;;;;;;;;;;;;;;;;;;;527
23/09/2015;19,54;;3;;;;;;;;;;;1;;;;;;;;;;2;1;2;;2;;2;4;;;3;4;;1;1;7;;;1;2;1;;21;;33;12;12;7;22;17;4;3;7;4;1;1;1;2;5;3;;5;1;;5;;;;;;;;;;;;;;;;;;;203
24/09/2015;20,6;;21;;;;;;;;;;;14;;;;10;;;;;;12;7;19;;12;;12;15;;;19;20;;16;15;17;;7;13;15;5;7;13;;31;15;8;5;18;2;5;6;3;9;1;2;1;;;;;1;2;;1;;;;;;;;;;;;;;;;;;;379
25/09/2015;18,94;;13;;;;;;;;;;;11;;;;6;;;;;;10;5;15;;14;;10;18;;;16;12;;9;6;14;;8;11;9;1;4;35;;65;15;27;20;47;28;12;19;20;8;12;11;6;10;16;11;;;;;1;;;;;;;;;;;;;;;;;;;555
26/09/2015;17,6;;11;;;;;;;;;;;4;;;;1;;;;;;5;4;7;;3;;7;6;;;8;5;;6;10;7;;1;4;6;;5;2;;9;1;3;3;1;6;1;1;2;9;;;;;;;;;;;;;;;;;;;;;;;;;;;;;;138
29/09/2015;18,88;;19;;;;;;;;;;;14;;;;2;;;;;;16;14;25;;29;;5;26;;;34;26;;9;10;27;;8;17;11;1;;25;;55;24;26;19;44;25;5;6;12;10;;;;;8;9;;15;11;;17;;;;;;;;;;;;;;;;;;;604
30/09/2015;16,66;;24;;;;;;;;;;;36;;;;6;;;;;;33;13;27;;39;;21;47;;;42;41;;16;11;34;;21;24;31;5;9;45;;99;44;37;33;47;34;10;20;19;22;;;;;9;;;3;;;2;;;;;;;;;;;;;;;;;;;904
01/10/2015;18,04;;12;;;;;;;;;;;7;;;;;;;;;;7;3;6;;5;;6;11;;;9;8;;10;8;12;;3;10;7;2;;15;;50;17;6;6;19;22;4;9;8;6;;;;;4;7;;2;;;1;;;;;;;;;;;;;;;;;;;302
02/10/2015;20,8;;28;;;;;;;;;;;18;;;;9;;;;;;25;15;23;;21;;22;48;;;37;33;;18;19;27;;;22;20;9;4;30;;58;27;10;18;35;28;8;16;16;19;2;2;1;1;20;10;;8;6;;7;;;;;;;;;;;;;;;;;;;720
03/10/2015;15,18;;4;;;;;;;;;;;4;;;;2;;;;;;5;3;4;;2;;6;6;;;7;7;;9;9;7;;;5;2;2;2;3;;5;4;2;1;4;6;;1;;6;;;;;;;;;;;;;;;;;;;;;;;;;;;;;;118
06/10/2015;21,64;;11;;;;;;;;;;;3;;;;4;;;;;;7;5;5;;5;;1;10;;;13;13;;7;4;8;;1;5;3;1;1;1;;16;;;1;2;11;1;1;;2;2;3;3;;1;;;4;2;;3;;;;;;;;;;;;;;;;;;;160
07/10/2015;20,36;;30;;;;;;;;;;;25;;;;10;;;;;;28;16;28;;22;;14;22;;;32;33;;14;10;25;;3;16;23;12;4;25;;51;32;9;13;22;29;14;19;18;15;9;17;17;16;10;6;;16;12;;13;;;1;1;2;1;;;16;13;;;;;;;;;764
08/10/2015;19,26;;28;;;;;;;;;;;24;;;;15;;;;;;5;18;23;;15;;17;23;;;24;24;;15;18;11;;3;16;17;9;7;4;;7;6;3;1;3;;1;1;1;18;1;2;4;2;3;4;;2;1;;2;;;3;3;3;3;;;33;36;;;;;;;;;459
09/10/2015;18,16;;26;;;;;;;;;;;27;;;;6;;;;;;;40;18;;11;;13;21;;;25;21;;13;15;20;;;13;13;3;4;34;;97;23;20;20;24;18;8;15;9;13;;;;;12;10;;8;6;;9;;;2;2;2;2;;;51;46;;;;;;;;;720
10/10/2015;16,34;;43;;;;;;;;;;;39;;;;4;;;;;;;52;38;;12;;18;19;;;16;18;;54;39;12;;2;36;21;21;3;21;;32;16;11;11;15;11;6;10;11;9;;;;;3;;;2;;;;;;;;;;;;27;25;;;;;;;;;657
14/10/2015;20,82;;13;;;;;;;;;;;20;;;;9;;;;;;8;15;15;;13;;4;16;;;24;19;;15;11;17;;3;13;12;7;1;43;;71;38;17;21;33;42;13;19;15;7;;4;3;2;19;9;;6;4;;2;;;;;;;;;34;27;;;;;;;;;664
15/10/2015;20,2;;26;;;;;;;;;;;34;;;;9;;;;;;14;27;21;;19;;12;22;;;23;22;;22;22;20;;1;22;13;3;10;11;;28;7;10;6;10;7;1;3;5;8;;;;;1;2;;5;7;;6;;;3;3;3;3;;15;27;30;;;;;;;;;543
16/10/2015;18,22;;15;;;;;;;;;;;29;;;;3;;;;;;10;10;12;;11;;11;15;;;20;15;;10;15;20;;3;14;9;3;5;45;;111;39;29;37;35;32;12;15;18;9;4;6;4;5;12;7;;7;3;;5;;;4;4;4;4;;16;30;26;;;;;;;;;753
17/10/2015;14;;9;;;;;;;;;;;19;;;;4;;;;;;3;8;10;;9;;8;8;;;13;15;;10;7;10;;;3;6;2;1;25;;37;29;10;25;17;4;;6;4;9;;;;;2;1;;2;1;;1;;;;;;;;20;29;29;;;;;;;;;396
20/10/2015;23,66;;23;;;;;;;;;;;26;;;;8;;;;;;12;19;20;;14;;13;21;;;24;20;;12;14;21;;1;18;13;2;2;21;;68;21;14;13;26;12;4;6;7;9;1;;;1;2;2;;4;2;;4;;;1;1;1;1;;29;29;26;;;;;;;;;588
21/10/2015;17,64;;58;;;;;;;;;;;28;;;;4;;;;;;8;15;18;;8;;9;13;;;18;17;;20;18;19;;5;18;10;2;4;52;;97;38;39;34;77;40;17;17;19;51;1;4;5;1;16;10;;8;9;;8;;;;;;;;23;29;30;;;;;;;;;917
22/10/2015;19,4;;22;;;;;;;;;;;45;;;;4;;;;;;14;15;23;;10;;10;15;;;27;26;;20;16;22;;1;19;20;4;2;14;;39;15;10;11;12;11;4;5;2;13;;;;;2;1;;3;4;;4;;;;;;;;28;6;22;;;;;;;;;521
23/10/2015;19,94;;34;;;;;;;;;;;18;;;;4;;;;;;13;13;17;;12;;10;17;;;23;26;;23;22;18;;1;14;10;1;3;13;;42;20;14;17;12;18;6;7;8;13;1;2;1;;;;;1;;;;;;;;;;;28;;;;;;;;;;;482
24/10/2015;15,8;;47;;;;;;;;;;;55;;;;13;;;;;;16;52;39;;18;;42;30;;;35;33;;36;39;34;;4;30;14;7;14;35;;76;39;15;12;27;13;5;6;5;18;24;33;29;29;6;7;;2;2;;2;;;1;1;1;1;;17;;;;;;;;;;;964
27/10/2015;21,76;;41;;;;;;;;;;;41;;;;8;;;;;;14;35;26;;24;;24;30;;;34;36;;28;21;30;;12;17;22;7;12;21;;58;19;20;7;13;16;1;2;3;17;1;1;1;;5;3;;3;3;;2;;;;;;;;19;12;11;;;;;;;;;700
28/10/2015;21,14;;39;;;;;;;;;;;36;;;;12;;;;;;15;34;28;;16;;20;21;;;27;29;;27;20;32;;1;15;10;4;4;41;;109;49;18;27;37;42;15;20;16;11;14;14;12;14;14;5;;3;2;;4;;;;;;;;24;21;22;;;;;;;;;924
29/10/2015;23,74;;48;;;;;;;;;;;56;;;;10;;;;;;27;41;46;;25;;33;37;;;58;48;;37;53;43;;5;30;21;12;15;15;;52;19;16;11;21;11;6;13;12;41;;;;;2;1;;2;6;;1;;;;;;;;21;24;24;;;;;;;;;943
30/10/2015;23,98;;43;;;;;;;;;;;46;;;;13;;;;;;13;24;29;;20;;20;25;;;41;50;;30;33;39;;2;21;17;7;11;61;;145;89;51;66;49;64;28;27;27;23;1;2;2;1;8;2;;6;5;;4;;;3;2;3;3;;19;29;29;;;;;;;;;1233
31/10/2015;19,42;;37;;;;;;;;;;;56;;;;8;;;;;;4;32;32;;10;;24;22;;;27;26;;29;32;17;;10;23;14;13;6;47;;79;44;34;29;42;20;16;18;23;22;;;;;8;3;;4;4;;3;;;;;;;;8;17;17;;;;;;;;;860
04/11/2015;17,38;;26;;;;;;;;;;;12;;;;8;;;;;;8;11;24;;12;;14;27;;;31;33;;14;16;30;;2;21;21;5;3;82;;135;72;47;44;74;81;28;40;54;11;8;11;14;12;29;21;;7;6;;7;;;2;2;2;2;;10;14;15;;;;;;;;;1148
05/11/2015;15,66;;53;;;;;;;;;;;45;;;;5;;;;;;11;8;73;;62;;50;74;;;73;48;;26;56;72;;;68;67;36;5;8;;27;11;7;7;8;10;5;6;11;49;;3;2;1;9;4;;6;4;;3;;;1;1;1;1;;15;57;222;;;;;;;;;1311
06/11/2015;18,18;;50;;;;;;;;;;;32;;;;13;;;;;;1;18;35;;31;;25;30;;;40;38;;45;39;31;;8;26;29;8;11;34;;59;31;31;25;25;22;18;25;15;28;1;2;2;1;12;15;;16;6;;18;;;1;2;2;1;;18;28;33;;;;;;;;;981
07/11/2015;19,3;;26;;;;;;;;;;;14;;;;6;;;;;;;16;15;;17;;16;25;;;27;27;;19;23;29;;3;18;16;4;4;34;;59;28;10;16;33;30;13;12;21;10;2;1;2;2;12;6;;3;1;;3;;;;;;;;16;17;16;;;;;;;;;652
10/11/2015;22,28;;64;;;;;;;;;;;53;;;;13;;;;;;;32;47;;38;;42;48;;;67;63;;82;60;59;;;53;44;5;17;15;;43;24;13;11;28;26;5;8;10;44;3;3;3;2;3;3;;6;3;;4;;;;;;1;;30;42;42;;;;;;;;;1159
11/11/2015;21,82;;30;;;;;;;;;;;46;;;;8;;;;;;;38;31;;25;;24;33;;;31;32;;30;26;30;;1;24;23;4;6;62;;112;47;43;39;47;35;20;25;28;22;2;3;3;3;12;21;;26;24;;26;;;1;2;2;1;;23;18;17;;;;;;;;;1106
12/11/2015;22,44;;50;;;;;;;;;;;50;;;;18;;;;;;;38;46;;33;;25;41;;;40;51;;43;48;49;;12;26;31;14;14;37;;73;45;21;37;44;21;16;24;16;39;;;2;;15;21;;13;13;;10;;;2;5;3;2;16;16;19;23;;;;;;;;;1162
13/11/2015;25,52;;85;;;;;;;;;;;89;;;;23;;;;;;;78;80;;41;;61;64;;;74;75;;70;80;72;;5;48;50;19;19;32;;69;32;21;22;34;18;8;15;16;45;7;8;8;7;3;4;;5;3;;5;;;;;;;37;34;41;44;;;;;;;;;1551
14/11/2015;21,52;;23;;;;;;;;;;;35;;;;3;;;;;;1;18;16;;22;;15;23;;;33;33;;23;24;34;;2;19;17;4;6;27;;39;19;9;13;18;20;8;10;7;20;;;;;19;23;;16;16;;15;;;;;;;26;12;16;20;;;;;;;;;704
17/11/2015;20,8;;46;;;;;;;;;;;54;;;;13;;;;;;;52;51;;32;;36;47;;;57;46;;33;42;50;;3;36;34;7;11;20;;53;23;19;13;23;23;11;11;15;30;1;2;2;2;4;4;;5;7;;6;;;;;;;45;18;33;29;;;;;;;;;1049
18/11/2015;23,68;;33;;;;;;;;;;;40;;;;13;;;;;;;44;29;;24;;16;25;;;39;39;;31;31;38;;7;25;26;7;11;93;;162;79;50;56;70;56;43;53;54;20;5;8;9;7;23;36;;42;41;;39;;;;;;;29;18;21;20;;;;;;;;;1512
19/11/2015;23,56;;61;;;;;;;;;;;46;;;;12;;;;;;;31;45;;27;;33;31;;;48;55;;34;47;38;;5;31;30;3;10;12;;44;18;11;10;12;10;3;12;5;40;1;1;2;1;1;;;1;2;;1;;;;;1;;24;13;19;19;;;;;;;;;850
20/11/2015;19,72;;103;;;;;;;;;;;83;;;;19;;;;;;;55;67;;44;;59;56;;;60;65;;88;80;47;;2;56;50;14;26;53;;70;36;33;36;29;18;23;29;35;47;;;;;21;22;;21;21;;25;;;;;3;;152;19;32;29;;;;;;;;;1728
21/11/2015;18,44;;86;;;;;;;;;;;55;;;;11;;;;;;;39;44;;27;;32;30;;;47;40;;71;81;32;;6;29;18;8;17;37;;112;46;14;18;38;32;6;8;20;42;3;8;;;3;7;;9;6;;3;;;;;;;18;13;18;24;;;;;;;;;1158
24/11/2015;19,5;;48;;;;;;;;;;;40;;;;18;;;;;;;30;44;;28;;27;30;;;47;37;;23;34;36;;6;22;27;8;9;24;;47;29;28;23;27;30;17;26;22;31;3;3;5;2;13;15;;15;13;;14;;;1;1;3;1;20;10;12;17;;;;;;;;;966
25/11/2015;20,7;;37;;;;;;;;;;;32;;;;12;;;;;;;28;32;;22;;20;25;;;44;35;;25;19;42;;1;23;23;3;9;97;;136;71;34;53;75;53;52;82;51;19;50;54;53;52;29;26;;11;11;;11;;;;;1;;16;7;7;8;;;;;;;;;1491
26/11/2015;22,78;;52;;;;;;;;;;;54;;;;16;;;;;;;45;42;;34;;35;39;;;43;34;;53;47;29;;17;25;29;12;20;17;;44;16;13;18;17;11;10;7;10;36;1;1;1;1;1;1;;5;;;3;;;;;;;23;20;22;22;;;;;;;;;926
27/11/2015;24,5;;81;;;;;;;;;;;51;;;;10;;;;;;;43;42;;34;;31;41;;;51;63;;55;59;42;;98;33;33;9;8;61;;110;56;30;39;35;31;15;33;31;44;;4;4;;8;6;;41;39;;40;;;1;1;4;1;19;6;14;19;;;;;;;;;1476
28/11/2015;23,34;;34;;;;;;;;;;;24;;;;9;;;;;;;23;33;;23;;20;18;;;34;40;;32;25;31;;2;23;21;8;6;76;;249;39;45;81;73;36;12;13;13;18;;;;;1;1;;2;3;;2;;;;;;;10;7;15;14;;;;;;;;;1116
30/11/2015;20,06;;;;;;;;;;;;;;;;;;;;;;;;;;;;;;0;;;;;;;;;;;;;;;0;;;0;;0;0;;;;;;;;;;;;;;;;;;;;;;;;;;;;;;;;;;;0
01/12/2015;22,6;;33;;;;;;;;;;;27;;;;10;;;;;;;28;28;;24;;23;36;;;39;38;;32;23;35;;5;27;25;9;16;42;;109;67;30;29;43;47;11;27;28;22;10;9;8;8;7;8;;12;3;;3;;;;;;;21;10;19;12;;;;;;;;;1043
03/12/2015;22,64;;125;;;;;;;;;;;50;;;;27;;;;;;;55;86;;62;;63;62;;;84;78;;95;79;82;;18;55;61;22;25;127;;256;113;112;86;111;63;43;80;82;49;5;5;8;6;12;14;;17;15;;18;;;1;1;1;1;30;18;28;31;;;;1;;;;;2463
04/12/2015;24,7;;123;;;;;;;;;;;67;;;;22;;;;;;;73;76;;56;;65;70;;;82;68;;92;95;51;;29;50;42;23;34;83;;186;67;48;44;76;53;27;41;42;61;4;9;7;4;8;6;;10;14;;;;;;4;;;18;17;25;28;;;;;;;;;2000
05/12/2015;22,72;;41;;;;;;;;;;;30;;;;12;;;;;;;16;30;;32;;32;30;;;47;48;;29;35;50;;17;28;26;7;11;63;;120;58;27;30;42;42;26;44;24;21;2;5;2;2;10;7;;15;16;;;;;;;;;10;6;11;9;;;;;;;;;1113
07/12/2015;19,7;;;;;;;;;;;;;5;;;;;;;;;;;5;;;;;;;;;;;;;;;;;;;;;;;;;;;;;;;;;;;;;;;;;;;;;;;;;;;;;;;;;;;;;;10
08/12/2015;23,26;;58;;;;;;;;;;;40;;;;21;;;;;;;21;60;;37;;39;46;;;78;62;;37;42;78;;5;49;46;11;16;101;;108;60;28;51;52;36;15;24;21;36;;2;2;2;5;7;;10;11;;;;;;1;;1;18;17;15;16;;;;;;;;;1385
09/12/2015;25,26;;56;;;;;;;;;;;42;;;;18;;;;;;;29;62;;43;;34;24;;;74;67;;31;35;72;;9;44;44;6;14;72;;156;69;43;63;83;54;35;39;49;27;18;19;18;8;12;16;;25;18;;17;;;1;2;1;1;36;22;27;28;;;;1;1;;;;1665
10/12/2015;22,9;;86;;;;;;;;;;;93;;;;30;;;;;;;61;62;;51;;58;4;;;81;75;;74;76;71;;13;52;50;15;25;69;;175;77;57;52;81;41;27;42;33;52;2;3;3;2;10;9;;12;14;;12;;;1;1;;1;20;22;26;24;;;;;;;;;1845
11/12/2015;24,24;;100;;;;;;;;;;;86;;;;28;;;;;;;70;99;;73;;63;;;;89;72;;92;93;77;;17;56;63;34;32;63;;290;71;47;55;50;71;28;48;39;61;5;10;14;9;12;11;;11;15;;11;;;1;2;1;1;32;17;29;31;;;;;;;;;2179
12/12/2015;26,72;;55;;;;;;;;;;;27;;;;23;;;;;;;21;47;;38;;35;;;;65;59;;35;31;63;;12;42;36;10;11;88;;198;90;43;72;73;58;34;45;49;29;;;;;9;6;;10;11;;10;;;;;;;25;15;20;22;;;;;;;;;1517
15/12/2015;24,44;;57;;;;;;;;;;;39;;;;26;;;;;;;27;66;;58;;32;41;;;75;65;;54;60;67;;12;52;54;15;15;66;;198;75;67;69;83;50;35;31;54;37;4;7;10;7;9;5;;12;15;;8;;;1;1;1;1;26;22;31;28;;;;;;;;;1768
16/12/2015;22,72;;49;;;;;;;;;;;36;;;;13;;;;;;;17;36;;31;;28;29;;;44;47;;32;37;70;;5;27;33;9;13;163;;335;117;64;78;138;116;55;87;76;28;19;23;25;25;6;13;;11;17;;7;;;5;3;6;5;21;17;21;17;;;;;;;;;2054
17/12/2015;27,14;;102;;;;;;;;;;;93;;;;22;;;;;;;73;82;;62;;74;77;;;105;87;;99;98;90;;28;54;67;25;38;104;;201;104;68;68;90;62;20;42;52;66;;;;1;7;6;;8;6;;6;;;1;;1;1;28;26;34;32;;;;;;;;;2310
18/12/2015;25,28;;60;;;;;;;;;;;42;;;;17;;;;;;;40;59;;32;;40;51;;;63;64;;49;51;66;;8;41;39;13;12;107;;251;80;71;77;106;52;37;59;57;39;1;1;3;3;11;9;;10;9;;9;;;;;;;21;19;24;24;;;;;;;;;1827
19/12/2015;21,1;;64;;;;;;;;;;;34;;;;12;;;;;;;35;39;;21;;35;47;;;66;49;;51;47;48;;8;24;29;11;14;196;;374;167;23;73;84;175;40;85;62;31;6;7;6;6;6;7;;6;11;;5;;;;;4;;15;16;17;14;;;;;;;;;2070
22/12/2015;23,96;;67;;;;;;;;;;;42;;;;19;;;;;;;20;52;;52;;40;65;;;79;65;;43;50;56;;8;51;53;14;20;74;;118;85;66;60;69;44;22;38;38;37;1;;2;;3;4;;11;8;;5;;;1;;1;;50;22;34;27;;;;;;;;;1616
23/12/2015;24,06;;81;;;;;;;;;;;33;;;;11;;;;;;;34;47;;48;;35;55;;;76;60;;58;69;69;;13;40;34;13;12;152;;268;161;72;121;122;84;90;96;96;42;19;31;29;19;17;28;;24;23;;19;;;2;1;2;1;10;8;14;15;;;;;;;;;2354
24/12/2015;22,26;;44;;;;;;;;;;;33;;;;11;;;;;;;37;36;;31;;29;44;;;54;44;;38;40;50;;15;26;29;11;15;25;;122;53;42;41;33;39;21;28;34;36;9;6;8;4;5;6;;6;6;;6;;;1;1;3;1;77;13;20;20;;;;;;;;;1253
28/12/2015;25,58;;14;;;;;;;;;;;4;;;;2;;;;;;;4;10;;6;;9;11;;;12;13;;7;13;8;;;7;9;2;1;;;120;26;6;25;19;2;2;3;5;11;4;4;4;4;1;1;;;;;1;;;2;2;2;2;6;6;7;7;;;;;;;;;404
29/12/2015;27,66;;41;;;;;;;;;;;31;;;;14;;;;;;;20;50;;34;;31;46;;;40;56;;32;32;51;;12;40;34;4;18;;;316;159;96;103;121;129;78;84;91;36;4;1;3;1;10;13;;18;15;;11;;;2;1;2;;13;11;16;13;;;;;;;;;1933
30/12/2015;27,9;;45;;;;;;;;;;;22;;;;9;;;;;;;19;39;;12;;22;30;;;53;42;;35;38;51;;4;31;23;7;8;185;;169;113;73;98;117;59;41;69;56;24;4;5;7;7;13;13;;11;10;;15;;;;;;;11;10;12;10;;;;;;;;;1622
31/12/2015;25,8;;39;;;;;;;;;;;24;;;;12;;;;;;;20;33;;20;;21;35;;;43;43;;38;35;36;;10;24;27;12;12;26;;70;43;42;40;43;31;9;10;11;20;;;;;3;1;;3;4;;4;;;;;;;7;10;15;15;;;;;;;;;891
05/01/2016;27,12;;24;;;;;;;;;;;11;;;;4;;;;;;;9;21;;11;;19;23;;;31;35;;22;23;26;;2;17;16;3;6;20;;55;27;20;19;32;22;14;15;19;15;;;1;1;2;7;;6;4;;4;;;1;;1;;6;5;7;10;;;;;;;;;616
06/01/2016;27,36;;18;;;;;;;;;;;9;;;;6;;;;;;;11;19;;15;;11;16;;;20;19;;21;21;14;;3;15;15;5;7;6;;22;30;7;85;37;5;2;3;3;22;;;;;3;2;;2;2;;1;;;;;;;4;3;8;7;;;;;;;;;499
07/01/2016;24,08;;78;;;;;;;;;;;42;;;;17;;;;;;;36;64;;49;;53;64;;;74;71;;63;61;77;;8;48;49;9;34;117;;171;114;23;41;96;63;31;57;37;61;9;7;9;7;18;12;;16;7;;9;;;2;1;2;1;13;16;20;22;;;;;;;;;1879
08/01/2016;23,38;;62;;;;;;;;;;;28;;;;13;;;;;;;30;50;;35;;45;45;;;70;54;;61;64;69;;9;27;34;10;25;66;;165;76;31;38;60;41;32;56;45;46;4;7;4;7;18;14;;18;11;;14;;;1;2;1;1;12;17;21;17;;;1;1;1;1;;;1560
09/01/2016;24,36;;31;;;;;;;;;;;27;;;;7;;;;;;;15;24;;20;;23;30;;;29;28;;27;27;27;;2;20;22;6;13;9;;38;11;9;8;11;5;20;17;28;26;;;;;2;2;;2;2;;2;;;;;;;13;7;12;16;;;;;;;;;618
12/01/2016;27,72;;40;;;;;;;;;;;13;;;;14;;;;;;;18;40;;37;;30;43;;;56;53;;45;51;53;;4;35;46;5;16;22;;64;16;6;29;23;13;14;14;15;41;2;2;2;2;4;3;;3;3;;4;;;;;;;11;12;25;20;;;2;2;2;;;;955
13/01/2016;26,86;;51;;;;;;;;;;;32;;;;15;;;;;;;26;55;;33;;41;36;;;49;46;;86;92;65;;10;30;29;11;18;59;;140;47;9;21;51;28;38;69;54;35;30;28;37;28;9;9;;7;8;;8;;;2;2;1;2;13;12;18;21;;;2;;;;;;1513
14/01/2016;23,72;;44;;;;;;;;;;;28;;;;7;;;;;;2;31;40;;33;;33;40;;;48;46;;32;42;40;;6;37;32;8;14;56;;109;55;32;35;71;35;27;42;39;31;1;1;4;1;2;1;;2;3;;2;;;;1;5;1;9;2;6;8;4;4;;;;;;;1152
15/01/2016;26,14;;87;;;;;;;;;;;51;;;;19;;;;;;28;37;56;;40;;70;48;;;79;57;;89;105;61;;9;51;51;11;28;52;;112;55;18;18;48;20;34;45;35;69;5;4;8;4;10;6;;3;2;;1;;;;;1;;25;9;24;20;2;;;;;;;;1607
16/01/2016;25,82;;42;;;;;;;;;;;30;;;;9;;;;;;36;34;40;;33;;33;32;;;48;40;;43;46;50;;13;34;34;13;21;44;;86;52;7;14;42;17;39;51;58;29;;;;;9;8;;8;10;;5;;;;;1;1;16;5;12;12;1;;;;;1;;;1159
19/01/2016;26,2;;79;;;;;;;;;;;60;;;;22;;;;;;62;36;56;;40;;52;48;;;71;65;;61;69;62;;9;48;50;13;20;35;;87;41;24;20;45;32;7;9;12;57;;;1;;6;5;;2;4;;2;;;;;;;17;15;19;18;;;;;;;;;1381
20/01/2016;26,2;;35;;;;;;;;;;;24;;;;7;;;;;;36;11;29;;13;;28;22;;;42;41;;33;43;35;;1;22;23;7;11;183;;392;141;42;54;135;138;39;100;70;26;18;19;26;19;15;9;;11;13;;9;;;1;1;;1;7;8;13;13;2;75;;;;;;1;2044
21/01/2016;25,56;;80;;;;;;;;;;;28;;;;23;;;;;;63;22;76;;35;;48;50;;;64;63;;61;68;74;;11;28;32;5;20;84;;214;93;24;66;68;71;28;47;52;61;;;1;;8;10;;9;8;;8;;;2;2;2;2;11;12;18;13;;;;;;1;;1;1767
22/01/2016;24,82;;64;;;;;;;;;;;46;;;;13;;;;;;56;49;74;;36;;52;47;;;79;65;;70;79;62;;3;40;39;13;19;185;;399;166;51;94;136;172;55;115;84;59;5;9;9;7;18;17;;11;14;;9;;;2;2;2;2;18;18;26;21;;;5;;;;;;2617
23/01/2016;27,7;;88;;;;;;;;;;;44;;;;21;;;;;;50;38;51;;38;;46;33;;;61;54;;79;109;52;;6;44;39;10;20;98;;236;105;48;46;68;65;67;104;86;58;;1;1;;3;5;;1;1;;3;;;1;;;2;118;16;19;18;;;4;1;;;;;2058
26/01/2016;22,38;;41;;;;;;;;;;;42;;;;11;;;;;;34;21;43;;28;;42;38;;;52;58;;57;72;54;;4;39;28;6;14;89;;176;125;71;89;32;64;38;57;48;45;1;3;3;2;3;;;3;1;;;;;2;1;2;2;9;13;17;20;3;4;7;1;1;;;1;1617
27/01/2016;23,74;;46;;;;;;;;;;;29;;;;11;;;;;;32;24;40;;25;;35;35;;;49;36;;47;54;36;;6;23;32;4;18;123;;232;123;98;96;28;71;57;63;75;40;;;;1;4;3;;4;2;;4;;;;;;;8;9;10;12;1;1;;;;1;;1;1649
28/01/2016;24,54;;44;;;;;;;;;;;31;;;;8;;;;;;43;19;34;;30;;34;35;;;42;59;;40;47;33;;5;21;17;9;10;97;;260;135;74;80;63;43;42;58;64;37;;1;1;;3;;;1;1;;1;;;1;2;1;1;6;12;11;12;2;1;;;;1;;1;1573
29/01/2016;28,72;;64;;;;;;;;;;;31;;;;7;;;;;;28;34;40;;15;;35;38;;;44;44;;58;67;42;;11;24;24;12;20;131;;233;124;32;101;87;60;53;93;71;42;8;19;11;6;21;11;;8;8;;5;;;8;9;10;;13;8;15;10;30;20;7;;;8;;5;1905
30/01/2016;26,24;;66;;;;;;;;;;;60;;;;13;;;;;;33;37;40;;22;;56;32;;;44;49;;79;78;36;;7;28;23;14;19;47;;142;48;35;28;35;17;7;24;22;53;;;;;4;5;;;;;;;;;;;;11;11;16;9;1;1;2;2;1;1;;1;1259
02/02/2016;23,1;;6;;;;;;;;;;;6;;;;2;;;;;;4;6;7;;2;;2;3;;;10;6;;4;5;5;;;2;4;;1;1;;7;1;;2;5;2;2;1;3;5;;;1;;;;;;;;;;;;;;;1;;2;1;;;;;;;;;109
03/02/2016;23,74;;35;;;;;;;;;;;26;;;;11;;;;;;29;16;38;;19;;25;30;;;40;31;;28;41;38;;1;28;17;1;8;26;;51;32;12;12;21;17;11;15;11;21;5;5;5;5;3;2;;4;6;;1;;;;1;1;1;8;6;17;9;7;6;;;;1;;1;785
04/02/2016;24,8;;43;;;;;;;;;;;28;;;;19;;;;;;34;28;45;;30;;31;44;;;61;48;;33;45;47;;1;37;31;1;8;18;;39;22;11;10;14;12;5;7;7;51;3;3;1;2;2;2;;3;1;;4;;;;;;;13;21;21;19;1;;;;;;;;906
05/02/2016;24,6;;33;;;;;;;;;;;21;;;;16;;;;;;21;14;27;;25;;25;28;;;45;37;;48;40;40;;6;25;23;1;15;32;;82;36;3;17;29;22;8;22;11;40;21;29;32;13;11;8;;10;8;;8;;;1;2;5;1;6;10;14;13;13;13;;;1;;;;1011
06/02/2016;24,72;;11;;;;;;;;;;;8;;;;4;;;;;;10;8;9;;7;;7;10;;;15;13;;13;15;13;;;7;7;;6;2;;9;5;3;2;3;2;1;;2;9;1;1;1;1;1;1;;;;;;;;1;1;1;1;4;3;3;4;1;1;;;;;;;227
10/02/2016;27,32;;19;;;;;;;;;;;8;;;;3;;;;;;;11;12;;14;;7;13;;;26;20;;12;10;20;;2;13;16;2;;41;;65;30;29;12;35;8;11;8;18;9;8;27;23;6;2;5;;4;1;;4;;;;;;;3;4;7;4;2;3;;1;;1;;1;580
11/02/2016;25,6;;45;;;;;;;;;;;30;;;;15;;;;;;;35;37;;30;;34;37;;;50;44;;51;52;42;;3;33;28;7;13;78;;276;57;18;42;89;19;23;67;48;33;3;2;2;1;8;9;;7;2;;4;;;1;3;3;2;11;11;9;16;;;1;1;1;;;;1433
12/02/2016;26,94;;66;;;;;;;;;;;38;;;;15;;;;;;41;23;47;;35;;42;44;;;79;57;;59;67;45;;5;33;35;6;21;66;;134;71;57;51;84;40;28;37;49;56;5;8;11;6;13;12;;8;10;;5;;;6;4;8;6;11;21;33;21;1;1;;;;6;;5;1632
13/02/2016;26,46;;53;;;;;;;;;;;42;;;;13;;;;;;39;36;56;;42;;46;48;;;68;42;;55;64;75;;10;42;47;11;17;99;;165;76;20;73;85;54;41;59;49;55;15;13;21;11;27;31;;24;17;;11;;;1;;4;2;11;9;15;14;12;13;;;;1;;2;1836
16/02/2016;26,26;;48;;;;;;;;;;;40;;;;11;;;;;;27;26;50;;33;;33;36;;;53;37;;77;82;54;;5;37;36;12;14;61;;120;59;17;52;60;16;9;17;18;51;2;3;3;2;5;5;;2;4;;3;;;2;1;8;2;9;13;13;16;1;1;;;;1;;1;1288
17/02/2016;27;;42;;;;;;;;;;;28;;;;18;;;;;;28;24;40;;23;;30;24;;;54;33;;33;37;40;;2;31;31;5;12;74;;131;86;19;48;62;40;21;41;38;34;34;48;5;17;15;14;;21;11;;12;;;;;4;1;8;8;12;16;24;25;;;;1;;;1405
18/02/2016;26,58;;48;;;;;;;;;;;32;;;;16;;;;;;35;21;36;;32;;44;38;;;51;45;;56;58;46;;6;28;38;10;17;27;;82;141;20;136;39;21;10;13;18;53;1;2;;1;7;5;;5;1;;5;;;1;2;4;2;11;4;10;12;;;4;1;1;1;;;1297
19/02/2016;26,1;;51;;;;;;;;;;;24;;;;10;;;;;;29;21;37;;28;;37;38;;;56;56;;38;52;42;;6;33;27;6;16;59;;150;39;31;73;58;23;24;30;33;39;2;6;3;2;5;;;4;3;;;;;4;3;3;3;16;9;19;17;;3;;;;5;;6;1279
20/02/2016;25,96;;44;;;;;;;;;;;24;;;;8;;;;;;29;20;34;;24;;37;29;;;37;38;;52;53;34;;2;23;29;5;18;20;;42;10;2;2;14;11;10;10;11;37;16;13;33;12;5;6;;4;7;;3;;;1;;2;1;111;9;13;16;10;13;1;;;;;;985
22/02/2016;26,68;;;;;;;;;;;;;;;;;;;;;;;;;;;;;;;;;;;;;;;;;;;;;0;;0;0;0;0;0;0;0;0;0;;;;;;0;0;;0;0;;0;;;;;;;;;;;;;;;;;;;0
23/02/2016;27,26;;68;;;;;;;;;;;33;;;;9;;;;;;29;34;41;;36;;28;30;;;60;54;;50;52;44;;6;30;35;10;10;24;;105;36;21;36;29;38;13;17;16;35;;1;4;;6;6;;7;7;;6;;;1;3;4;2;11;12;21;17;;;6;;;;;1;1144
24/02/2016;28,22;;83;;;;;;;;;;;35;;;;11;;;;;;22;38;35;;33;;31;41;;;51;51;;56;71;76;;6;28;29;10;12;78;;173;68;32;51;69;43;42;50;46;45;18;34;40;13;25;23;;27;27;;16;;;;1;7;1;8;8;16;11;16;18;;;;1;;;1726
25/02/2016;29,06;;58;;;;;;;;;;;46;;;;13;;;;;;34;36;47;;32;;37;42;;;60;58;;53;61;46;;5;29;35;8;18;38;;97;28;26;17;38;23;14;21;19;53;1;2;5;;9;10;;8;8;;5;;;;3;10;;8;9;14;16;;;10;1;;;;;1211
26/02/2016;28,22;;71;;;;;;;;;;;38;;;;13;;;;;;178;175;46;;32;;39;179;;;56;44;;71;71;41;;8;23;83;11;13;95;;777;86;56;58;214;64;38;69;44;155;11;15;18;8;14;13;;17;11;;12;;;3;3;12;3;14;5;5;12;9;9;;;;1;;;3043
27/02/2016;25,32;;29;;;;;;;;;;;19;;;;8;;;;;;19;14;28;;14;;16;22;;;34;35;;26;39;28;;4;16;17;4;11;73;;173;67;68;48;65;68;40;41;48;22;;;;1;10;7;;4;13;;5;;;1;;3;;9;6;8;6;;;1;;;;;;1170
29/02/2016;23,62;;14;;;;;;;;;;;8;;;;2;;;;;;7;8;8;;6;;9;11;;;14;19;;11;14;12;;;8;9;5;4;31;;108;26;25;16;33;11;3;6;12;11;;;;;;;;;;;;;;;;3;;3;2;3;4;;;;;;;;;466
